﻿<?xml version="1.0" encoding="utf-8"?>
<deployment>
  <id>ef7fed5d12cf447098c52872201ad944</id>
  <author>N/A</author>
  <deployer>ZipDeploy</deployer>
  <authorEmail>N/A</authorEmail>
  <message>Created via a push deployment</message>
  <progress></progress>
  <status>Success</status>
  <statusText></statusText>
  <lastSuccessEndTime>2025-10-16T09:20:39.7185993Z</lastSuccessEndTime>
  <receivedTime>2025-10-16T09:20:33.0062764Z</receivedTime>
  <startTime>2025-10-16T09:20:33.1964908Z</startTime>
  <endTime>2025-10-16T09:20:39.7185993Z</endTime>
  <complete>True</complete>
  <is_temp>False</is_temp>
  <is_readonly>True</is_readonly>
  <project_type>BASIC</project_type>
  <vsproject_id></vsproject_id>
</deployment>