﻿<?xml version="1.0" encoding="utf-8"?>
<deployment>
  <id>4c9246f16370423db8385d31ae24958d</id>
  <author>N/A</author>
  <deployer>ZipDeploy</deployer>
  <authorEmail>N/A</authorEmail>
  <message>Created via a push deployment</message>
  <progress></progress>
  <status>Success</status>
  <statusText></statusText>
  <lastSuccessEndTime>2025-10-15T22:32:41.8294633Z</lastSuccessEndTime>
  <receivedTime>2025-10-15T22:32:36.8600814Z</receivedTime>
  <startTime>2025-10-15T22:32:37.1257077Z</startTime>
  <endTime>2025-10-15T22:32:41.8294633Z</endTime>
  <complete>True</complete>
  <is_temp>False</is_temp>
  <is_readonly>True</is_readonly>
  <project_type>BASIC</project_type>
  <vsproject_id></vsproject_id>
</deployment>