﻿<?xml version="1.0" encoding="utf-8"?>
<deployment>
  <id>8f875685ae1e4817a4746d10593cf044</id>
  <author>N/A</author>
  <deployer>ZipDeploy</deployer>
  <authorEmail>N/A</authorEmail>
  <message>Created via a push deployment</message>
  <progress></progress>
  <status>Success</status>
  <statusText></statusText>
  <lastSuccessEndTime>2025-10-15T21:40:48.6428364Z</lastSuccessEndTime>
  <receivedTime>2025-10-15T21:40:46.0861529Z</receivedTime>
  <startTime>2025-10-15T21:40:46.2580289Z</startTime>
  <endTime>2025-10-15T21:40:48.6428364Z</endTime>
  <complete>True</complete>
  <is_temp>False</is_temp>
  <is_readonly>True</is_readonly>
  <project_type>BASIC</project_type>
  <vsproject_id></vsproject_id>
</deployment>