{"TimeStamp":"2025-10-15T21:40:48Z","SiteName":"deadlock-demo-app","RequestId":"52e11a77-aa0f-11f0-bc9d-8038fb0f4edd","Kind":"ZipDeploy","Status":"Success","Details":"{\"Id\":\"8f875685ae1e4817a4746d10593cf044\",\"Status\":4,\"StatusText\":\"\",\"AuthorEmail\":\"N/A\",\"Author\":\"N/A\",\"Message\":\"Created via a push deployment\",\"Progress\":\"\",\"Deployer\":\"ZipDeploy\",\"ReceivedTime\":\"2025-10-15T21:40:46.0861529Z\",\"StartTime\":\"2025-10-15T21:40:46.2580289Z\",\"EndTime\":\"2025-10-15T21:40:48.6428364Z\",\"LastSuccessEndTime\":\"2025-10-15T21:40:48.6428364Z\",\"Complete\":true,\"IsTemporary\":false,\"IsReadOnly\":true,\"SiteName\":\"deadlock-demo-app\",\"HostName\":\"deadlock-demo-app.scm.azurewebsites.net\",\"ProjectType\":\"BASIC\",\"VsProjectId\":null}"}