{"TimeStamp":"2025-10-16T09:29:19Z","SiteName":"deadlock-demo-app","RequestId":"8e18bf92-aa72-11f0-aff2-8038fb0f4edd","Kind":"ZipDeploy","Status":"Success","Details":"{\"Id\":\"6092e5bf34a845c0a2675848f6d880b9\",\"Status\":4,\"StatusText\":\"\",\"AuthorEmail\":\"N/A\",\"Author\":\"N/A\",\"Message\":\"Created via a push deployment\",\"Progress\":\"\",\"Deployer\":\"ZipDeploy\",\"ReceivedTime\":\"2025-10-16T09:29:12.940316Z\",\"StartTime\":\"2025-10-16T09:29:13.2059453Z\",\"EndTime\":\"2025-10-16T09:29:19.2137339Z\",\"LastSuccessEndTime\":\"2025-10-16T09:29:19.2137339Z\",\"Complete\":true,\"IsTemporary\":false,\"IsReadOnly\":true,\"SiteName\":\"deadlock-demo-app\",\"HostName\":\"deadlock-demo-app.scm.azurewebsites.net\",\"ProjectType\":\"BASIC\",\"VsProjectId\":null}"}