﻿<?xml version="1.0" encoding="utf-8"?>
<deployment>
  <id>45f18428fbed40a58ea62abe72518214</id>
  <author>N/A</author>
  <deployer>ZipDeploy</deployer>
  <authorEmail>N/A</authorEmail>
  <message>Created via a push deployment</message>
  <progress></progress>
  <status>Success</status>
  <statusText></statusText>
  <lastSuccessEndTime>2025-10-15T22:36:16.6833119Z</lastSuccessEndTime>
  <receivedTime>2025-10-15T22:36:09.8623927Z</receivedTime>
  <startTime>2025-10-15T22:36:10.081089Z</startTime>
  <endTime>2025-10-15T22:36:16.6833119Z</endTime>
  <complete>True</complete>
  <is_temp>False</is_temp>
  <is_readonly>True</is_readonly>
  <project_type>BASIC</project_type>
  <vsproject_id></vsproject_id>
</deployment>