<step title="BackgroundTrace" date="2025-10-15T22:04:14.181" instance="c41bc2" url="/api/zipdeploy" method="POST" >
  <step title="Updating shutdown sentinel last write time" date="2025-10-15T22:04:14.199" SemaphoreCount="7" /><!-- duration: 0ms -->
  <step title="LockFile &apos;C:\home\site\locks\deployments.lock&apos; acquired" date="2025-10-15T22:04:14.199" /><!-- duration: 18ms -->
  <step title="Creating temporary deployment" date="2025-10-15T22:04:14.216" /><!-- duration: 27ms -->
  <step title="Performing fetch based deployment" date="2025-10-15T22:04:14.259" >
    <step title="Fetching changes." date="2025-10-15T22:04:14.290" /><!-- duration: 31ms -->
    <step title="Starting LocalZipHandler" date="2025-10-15T22:04:14.321" /><!-- duration: 17ms -->
    <step title="Cleaning up temp folders from previous zip deployments and extracting pushed zip file C:\local\Temp\zipdeploy\puk5bej0.zip (2.15 MB) to C:\local\Temp\zipdeploy\extracted" date="2025-10-15T22:04:14.400" /><!-- duration: 0ms -->
    <step title="Cleaning up temp folders from previous zip deployments and extracting pushed zip file C:\local\Temp\zipdeploy\puk5bej0.zip (2.15 MB) to C:\local\Temp\zipdeploy\extracted" date="2025-10-15T22:04:14.400" >
      <step title="Renaming extractTargetDirectory(C:\local\Temp\zipdeploy\extracted) to tempDirectory(C:\local\Temp\zipdeploy\qhxj4b4v.x4k)" date="2025-10-15T22:04:14.419" /><!-- duration: 0ms -->
      <step title="Extracting 68 entries to C:\local\Temp\zipdeploy\extracted directory" date="2025-10-15T22:04:14.509" >
        <step title="Extracting to C:\local\Temp\zipdeploy\extracted\publish\appsettings.Development.json ..." date="2025-10-15T22:04:14.509" /><!-- duration: 31ms -->
        <step title="Extracting to C:\local\Temp\zipdeploy\extracted\publish\appsettings.json ..." date="2025-10-15T22:04:14.540" /><!-- duration: 18ms -->
        <step title="Extracting to C:\local\Temp\zipdeploy\extracted\publish\appsettings.Production.json ..." date="2025-10-15T22:04:14.558" /><!-- duration: 14ms -->
        <step title="Extracting to C:\local\Temp\zipdeploy\extracted\publish\DeadlockApp.deps.json ..." date="2025-10-15T22:04:14.588" /><!-- duration: 0ms -->
        <step title="Extracting to C:\local\Temp\zipdeploy\extracted\publish\DeadlockApp.runtimeconfig.json ..." date="2025-10-15T22:04:14.588" /><!-- duration: 15ms -->
        <step title="Omitting extracting file traces ..." date="2025-10-15T22:04:14.603" /><!-- duration: 0ms -->
        <step title="Extracting to C:\local\Temp\zipdeploy\extracted\web.config ..." date="2025-10-15T22:04:15.107" /><!-- duration: 0ms -->
      </step><!-- duration: 609ms -->
    </step><!-- duration: 719ms -->
    <step title="Before sending BuildRequestReceived status to /api/updatedeploystatus" date="2025-10-15T22:04:15.137" /><!-- duration: 0ms -->
    <step title="DeploymentManager.Deploy(id:22cf869c153d45dea1c793cec368fd52)" date="2025-10-15T22:04:15.150" >
      <step title="Collecting changeset information" date="2025-10-15T22:04:15.150" /><!-- duration: 78ms -->
      <step title="Updating submodules" date="2025-10-15T22:04:15.248" >
        <step title="Updating submodules." date="2025-10-15T22:04:15.308" /><!-- duration: 0ms -->
      </step><!-- duration: 74ms -->
      <step title="Preparing deployment for commit id &apos;22cf869c15&apos;." date="2025-10-15T22:04:15.368" /><!-- duration: 0ms -->
      <step title="Determining deployment builder" date="2025-10-15T22:04:15.462" >
        <step title="Builder is BasicBuilder" date="2025-10-15T22:04:15.478" /><!-- duration: 0ms -->
      </step><!-- duration: 16ms -->
      <step title="Copying SSH keys" date="2025-10-15T22:04:15.493" /><!-- duration: 0ms -->
      <step title="Building" date="2025-10-15T22:04:15.493" >
        <step title="Generating deployment script." date="2025-10-15T22:04:15.540" /><!-- duration: 0ms -->
        <step title="Generating deployment script" date="2025-10-15T22:04:15.540" >
          <step title="Using cached version of the deployment script for command: -y --no-dot-deployment -r &quot;C:\local\Temp\zipdeploy\extracted&quot; -o &quot;C:\home\site\deployments\tools&quot; --basic --sitePath &quot;C:\local\Temp\zipdeploy\extracted&quot;" date="2025-10-15T22:04:15.556" /><!-- duration: 0ms -->
          <step title="Using cached version of deployment script (command: &apos;azure -y --no-dot-deployment -r &quot;C:\local\Temp\zipdeploy\extracted&quot; -o &quot;C:\home\site\deployments\tools&quot; --basic --sitePath &quot;C:\local\Temp\zipdeploy\extracted&quot;&apos;)." date="2025-10-15T22:04:15.571" /><!-- duration: 0ms -->
        </step><!-- duration: 31ms -->
        <step title="Running deployment command..." date="2025-10-15T22:04:15.620" /><!-- duration: 0ms -->
        <step title="Command: &quot;C:\home\site\deployments\tools\deploy.cmd&quot;" date="2025-10-15T22:04:15.634" /><!-- duration: 17ms -->
        <step title="Executing external process" date="2025-10-15T22:04:15.651" type="process" path="starter.cmd" arguments="&quot;C:\home\site\deployments\tools\deploy.cmd&quot;" >
          <step title="Handling Basic Web Site deployment." date="2025-10-15T22:04:16.230" /><!-- duration: 13ms -->
          <step title="Creating app_offline.htm" date="2025-10-15T22:04:22.380" /><!-- duration: 0ms -->
          <step title="KuduSync.NET from: &apos;C:\local\Temp\zipdeploy\extracted&apos; to: &apos;C:\home\site\wwwroot&apos;" date="2025-10-15T22:04:22.396" /><!-- duration: 0ms -->
          <step title="Copying file: &apos;DeadlockApp.dll&apos;" date="2025-10-15T22:04:22.415" /><!-- duration: 0ms -->
          <step title="Copying file: &apos;DeadlockApp.exe&apos;" date="2025-10-15T22:04:22.427" /><!-- duration: 0ms -->
          <step title="Copying file: &apos;DeadlockApp.pdb&apos;" date="2025-10-15T22:04:22.445" /><!-- duration: 0ms -->
          <step title="Copying file: &apos;publish\publish\publish\publish\appsettings.Development.json&apos;" date="2025-10-15T22:04:22.495" /><!-- duration: 10ms -->
          <step title="Copying file: &apos;publish\publish\publish\publish\appsettings.json&apos;" date="2025-10-15T22:04:22.505" /><!-- duration: 0ms -->
          <step title="Copying file: &apos;publish\publish\publish\publish\appsettings.Production.json&apos;" date="2025-10-15T22:04:22.521" /><!-- duration: 0ms -->
          <step title="Copying file: &apos;publish\publish\publish\publish\DeadlockApp.deps.json&apos;" date="2025-10-15T22:04:22.521" /><!-- duration: 0ms -->
          <step title="Copying file: &apos;publish\publish\publish\publish\DeadlockApp.runtimeconfig.json&apos;" date="2025-10-15T22:04:22.536" /><!-- duration: 0ms -->
          <step title="Copying file: &apos;publish\publish\publish\publish\DeadlockApp.staticwebassets.endpoints.json&apos;" date="2025-10-15T22:04:22.536" /><!-- duration: 16ms -->
          <step title="Copying file: &apos;publish\publish\publish\publish\web.config&apos;" date="2025-10-15T22:04:22.552" /><!-- duration: 16ms -->
          <step title="Deleting app_offline.htm" date="2025-10-15T22:04:22.567" /><!-- duration: 0ms -->
          <step title="Finished successfully." date="2025-10-15T22:04:22.583" /><!-- duration: 0ms -->
        </step><!-- duration: 6964ms -->
        <step title="Running post deployment command(s)..." date="2025-10-15T22:04:22.665" /><!-- duration: 12ms -->
        <step title="Triggering recycle (preview mode disabled)." date="2025-10-15T22:04:22.755" /><!-- duration: 0ms -->
        <step title="Ignoring FS watcher based recycle request as this is a classic Windows app." date="2025-10-15T22:04:22.755" /><!-- duration: 31ms -->
        <step title="Deployment successful. DEPLOYMENTINFO: deploymentPath = ZipDeploy. Extract zip. , deployer = ZipDeploy, os = windows, sku = Standard, siteName = deadlock-demo-app, siteHostName = deadlock-demo-app.azurewebsites.net, deploymentStatus = Success" date="2025-10-15T22:04:22.849" /><!-- duration: 16ms -->
      </step><!-- duration: 7465ms -->
    </step><!-- duration: 7829ms -->
    <step title="Cleaning up temp files" date="2025-10-15T22:04:22.978" /><!-- duration: 11ms -->
    <step title="Skip function trigger and logicapp sync because function is not enabled." date="2025-10-15T22:04:22.989" /><!-- duration: 19ms -->
  </step><!-- duration: 8762ms -->
  <step title="LockFile &apos;C:\home\site\locks\deployments.lock&apos; released" date="2025-10-15T22:04:23.039" /><!-- duration: 0ms -->
  <step title="Deleting shutdown sentinel file" date="2025-10-15T22:04:23.069" SemaphoreCount="8" /><!-- duration: 0ms -->
</step><!-- duration: 8918ms -->
