﻿<?xml version="1.0" encoding="utf-8"?>
<deployment>
  <id>c288413f7e364685804bb00b9074e476</id>
  <author>N/A</author>
  <deployer>ZipDeploy</deployer>
  <authorEmail>N/A</authorEmail>
  <message>Created via a push deployment</message>
  <progress></progress>
  <status>Success</status>
  <statusText></statusText>
  <lastSuccessEndTime>2025-10-15T22:17:32.7685706Z</lastSuccessEndTime>
  <receivedTime>2025-10-15T22:17:28.0185218Z</receivedTime>
  <startTime>2025-10-15T22:17:28.2404521Z</startTime>
  <endTime>2025-10-15T22:17:32.7685706Z</endTime>
  <complete>True</complete>
  <is_temp>False</is_temp>
  <is_readonly>True</is_readonly>
  <project_type>BASIC</project_type>
  <vsproject_id></vsproject_id>
</deployment>