{"TimeStamp":"2025-10-15T22:04:22Z","SiteName":"deadlock-demo-app","RequestId":"dcf3c797-aa12-11f0-b66b-8038fb0f4edd","Kind":"ZipDeploy","Status":"Success","Details":"{\"Id\":\"22cf869c153d45dea1c793cec368fd52\",\"Status\":4,\"StatusText\":\"\",\"AuthorEmail\":\"N/A\",\"Author\":\"N/A\",\"Message\":\"Created via a push deployment\",\"Progress\":\"\",\"Deployer\":\"ZipDeploy\",\"ReceivedTime\":\"2025-10-15T22:04:15.1680452Z\",\"StartTime\":\"2025-10-15T22:04:15.4000167Z\",\"EndTime\":\"2025-10-15T22:04:22.8804659Z\",\"LastSuccessEndTime\":\"2025-10-15T22:04:22.8804659Z\",\"Complete\":true,\"IsTemporary\":false,\"IsReadOnly\":true,\"SiteName\":\"deadlock-demo-app\",\"HostName\":\"deadlock-demo-app.scm.azurewebsites.net\",\"ProjectType\":\"BASIC\",\"VsProjectId\":null}"}