{"TimeStamp":"2025-10-16T09:04:56Z","SiteName":"deadlock-demo-app","RequestId":"1e030794-aa6f-11f0-88e5-8038fb0f4edd","Kind":"ZipDeploy","Status":"Success","Details":"{\"Id\":\"4128bae3e1cf4d32a5efc72fab0753ac\",\"Status\":4,\"StatusText\":\"\",\"AuthorEmail\":\"N/A\",\"Author\":\"N/A\",\"Message\":\"Created via a push deployment\",\"Progress\":\"\",\"Deployer\":\"ZipDeploy\",\"ReceivedTime\":\"2025-10-16T09:04:48.730296Z\",\"StartTime\":\"2025-10-16T09:04:49.1521344Z\",\"EndTime\":\"2025-10-16T09:04:56.0215087Z\",\"LastSuccessEndTime\":\"2025-10-16T09:04:56.0215087Z\",\"Complete\":true,\"IsTemporary\":false,\"IsReadOnly\":true,\"SiteName\":\"deadlock-demo-app\",\"HostName\":\"deadlock-demo-app.scm.azurewebsites.net\",\"ProjectType\":\"BASIC\",\"VsProjectId\":null}"}