<step title="Incoming Request" date="2025-10-16T09:20:30.084" instance="c41bc2" url="/api/zipdeploy?isAsync=true" method="POST" type="request" pid="6872,2,22" Cache-Control="no-cache" Content-Length="2362058" Content-Type="application/octet-stream" Accept="*/*" Accept-Encoding="gzip, deflate" Authorization="Bea..." Host="deadlock-demo-app.scm.azurewebsites.net" User-Agent="AZURECLI/2.70.0 (MSI)" x-ms-client-request-id="56d73cd2-aa71-11f0-939a-8038fb0f4edd" X-ARR-LOG-ID="56d73cd2-aa71-11f0-939a-8038fb0f4edd" CLIENT-IP="45.147.205.239:15238" X-SITE-DEPLOYMENT-ID="deadlock-demo-app" WAS-DEFAULT-HOSTNAME="deadlock-demo-app.scm.azurewebsites.net" X-Forwarded-Proto="https" X-AppService-Proto="https" X-Forwarded-TlsVersion="1.3" X-WAWS-Unencoded-URL="/api/zipdeploy?isAsync=true" >
  <step title="Cleanup Xml Logs" date="2025-10-16T09:20:30.084" /><!-- duration: 18ms -->
  <step title="ZipPushDeploy" date="2025-10-16T09:20:30.131" >
    <step title="ZipDeploy. Extract zip. " date="2025-10-16T09:20:30.131" /><!-- duration: 0ms -->
    <step title="Starting PushDeployAsync" date="2025-10-16T09:20:30.131" /><!-- duration: 0ms -->
    <step title="Updating shutdown sentinel last write time" date="2025-10-16T09:20:30.224" SemaphoreCount="7" /><!-- duration: 0ms -->
    <step title="LockFile &apos;C:\home\site\locks\deployments.lock&apos; acquired" date="2025-10-16T09:20:30.256" /><!-- duration: 0ms -->
    <step title="Saving request content to C:\local\Temp\zipdeploy\qpkdqjpv.zip" date="2025-10-16T09:20:30.271" >
      <step title="Total 2,362,058 bytes written to C:\local\Temp\zipdeploy\qpkdqjpv.zip" date="2025-10-16T09:20:30.459" /><!-- duration: 0ms -->
    </step><!-- duration: 188ms -->
    <step title="LockFile &apos;C:\home\site\locks\deployments.lock&apos; released" date="2025-10-16T09:20:30.474" /><!-- duration: 0ms -->
    <step title="Deleting shutdown sentinel file" date="2025-10-16T09:20:30.474" SemaphoreCount="8" /><!-- duration: 0ms -->
    <step title="Starting FetchDeploy" date="2025-10-16T09:20:30.474" /><!-- duration: 0ms -->
    <step title="Start deployment in the background" date="2025-10-16T09:20:30.490" >
      <step title="Starting LocalZipFetch" date="2025-10-16T09:20:30.633" /><!-- duration: 30ms -->
    </step><!-- duration: 598ms -->
  </step><!-- duration: 957ms -->
  <step title="Outgoing response" date="2025-10-16T09:20:38.575" type="response" statusCode="202" statusText="Accepted" Server="Microsoft-IIS/10.0" x-ms-request-id="56d73cd2-aa71-11f0-939a-8038fb0f4edd" Retry-After="30" Cache-Control="private" X-AspNet-Version="4.0.30319" Location="https://deadlock-demo-app.scm.azurewebsites.net/api/deployments/latest?deployer=ZipDeploy&amp;time=2025-10-16_09-20-31Z" /><!-- duration: 0ms -->
</step><!-- duration: 8492ms -->
