<step title="BackgroundTrace" date="2025-10-15T21:40:44.618" instance="c41bc2" url="/api/zipdeploy" method="POST" >
  <step title="Updating shutdown sentinel last write time" date="2025-10-15T21:40:44.711" SemaphoreCount="7" /><!-- duration: 0ms -->
  <step title="LockFile &apos;C:\home\site\locks\deployments.lock&apos; acquired" date="2025-10-15T21:40:44.711" /><!-- duration: 0ms -->
  <step title="Creating temporary deployment" date="2025-10-15T21:40:44.726" /><!-- duration: 125ms -->
  <step title="Performing fetch based deployment" date="2025-10-15T21:40:44.851" >
    <step title="Fetching changes." date="2025-10-15T21:40:45.258" /><!-- duration: 16ms -->
    <step title="Starting LocalZipHandler" date="2025-10-15T21:40:45.304" /><!-- duration: 18ms -->
    <step title="Cleaning up temp folders from previous zip deployments and extracting pushed zip file C:\local\Temp\zipdeploy\d41rwll1.zip (2.12 MB) to C:\local\Temp\zipdeploy\extracted" date="2025-10-15T21:40:45.336" /><!-- duration: 16ms -->
    <step title="Cleaning up temp folders from previous zip deployments and extracting pushed zip file C:\local\Temp\zipdeploy\d41rwll1.zip (2.12 MB) to C:\local\Temp\zipdeploy\extracted" date="2025-10-15T21:40:45.351" >
      <step title="Extracting 47 entries to C:\local\Temp\zipdeploy\extracted directory" date="2025-10-15T21:40:45.414" >
        <step title="Extracting to C:\local\Temp\zipdeploy\extracted\publish\appsettings.Development.json ..." date="2025-10-15T21:40:45.429" /><!-- duration: 33ms -->
        <step title="Extracting to C:\local\Temp\zipdeploy\extracted\publish\appsettings.json ..." date="2025-10-15T21:40:45.476" /><!-- duration: 0ms -->
        <step title="Extracting to C:\local\Temp\zipdeploy\extracted\publish\appsettings.Production.json ..." date="2025-10-15T21:40:45.476" /><!-- duration: 0ms -->
        <step title="Extracting to C:\local\Temp\zipdeploy\extracted\publish\DeadlockApp.deps.json ..." date="2025-10-15T21:40:45.492" /><!-- duration: 0ms -->
        <step title="Extracting to C:\local\Temp\zipdeploy\extracted\publish\DeadlockApp.runtimeconfig.json ..." date="2025-10-15T21:40:45.508" /><!-- duration: 35ms -->
        <step title="Omitting extracting file traces ..." date="2025-10-15T21:40:45.543" /><!-- duration: 11ms -->
        <step title="Extracting to C:\local\Temp\zipdeploy\extracted\web.config ..." date="2025-10-15T21:40:45.946" /><!-- duration: 15ms -->
      </step><!-- duration: 547ms -->
    </step><!-- duration: 609ms -->
    <step title="Before sending BuildRequestReceived status to /api/updatedeploystatus" date="2025-10-15T21:40:45.976" /><!-- duration: 0ms -->
    <step title="DeploymentManager.Deploy(id:8f875685ae1e4817a4746d10593cf044)" date="2025-10-15T21:40:45.996" >
      <step title="Collecting changeset information" date="2025-10-15T21:40:46.008" /><!-- duration: 109ms -->
      <step title="Updating submodules" date="2025-10-15T21:40:46.117" >
        <step title="Updating submodules." date="2025-10-15T21:40:46.164" /><!-- duration: 0ms -->
      </step><!-- duration: 63ms -->
      <step title="Preparing deployment for commit id &apos;8f875685ae&apos;." date="2025-10-15T21:40:46.242" /><!-- duration: 0ms -->
      <step title="Determining deployment builder" date="2025-10-15T21:40:46.289" >
        <step title="Builder is BasicBuilder" date="2025-10-15T21:40:46.304" /><!-- duration: 20ms -->
      </step><!-- duration: 36ms -->
      <step title="Copying SSH keys" date="2025-10-15T21:40:46.353" /><!-- duration: 19ms -->
      <step title="Building" date="2025-10-15T21:40:46.372" >
        <step title="Generating deployment script." date="2025-10-15T21:40:46.492" /><!-- duration: 0ms -->
        <step title="Generating deployment script" date="2025-10-15T21:40:46.492" >
          <step title="Using cached version of the deployment script for command: -y --no-dot-deployment -r &quot;C:\local\Temp\zipdeploy\extracted&quot; -o &quot;C:\home\site\deployments\tools&quot; --basic --sitePath &quot;C:\local\Temp\zipdeploy\extracted&quot;" date="2025-10-15T21:40:46.664" /><!-- duration: 0ms -->
          <step title="Using cached version of deployment script (command: &apos;azure -y --no-dot-deployment -r &quot;C:\local\Temp\zipdeploy\extracted&quot; -o &quot;C:\home\site\deployments\tools&quot; --basic --sitePath &quot;C:\local\Temp\zipdeploy\extracted&quot;&apos;)." date="2025-10-15T21:40:46.679" /><!-- duration: 0ms -->
        </step><!-- duration: 188ms -->
        <step title="Running deployment command..." date="2025-10-15T21:40:46.711" /><!-- duration: 0ms -->
        <step title="Command: &quot;C:\home\site\deployments\tools\deploy.cmd&quot;" date="2025-10-15T21:40:46.726" /><!-- duration: 0ms -->
        <step title="Executing external process" date="2025-10-15T21:40:46.758" type="process" path="starter.cmd" arguments="&quot;C:\home\site\deployments\tools\deploy.cmd&quot;" >
          <step title="Handling Basic Web Site deployment." date="2025-10-15T21:40:47.627" /><!-- duration: 30ms -->
          <step title="Creating app_offline.htm" date="2025-10-15T21:40:48.330" /><!-- duration: 0ms -->
          <step title="KuduSync.NET from: &apos;C:\local\Temp\zipdeploy\extracted&apos; to: &apos;C:\home\site\wwwroot&apos;" date="2025-10-15T21:40:48.345" /><!-- duration: 0ms -->
          <step title="Copying file: &apos;publish\appsettings.Development.json&apos;" date="2025-10-15T21:40:48.362" /><!-- duration: 0ms -->
          <step title="Copying file: &apos;publish\appsettings.json&apos;" date="2025-10-15T21:40:48.362" /><!-- duration: 20ms -->
          <step title="Copying file: &apos;publish\appsettings.Production.json&apos;" date="2025-10-15T21:40:48.392" /><!-- duration: 0ms -->
          <step title="Copying file: &apos;publish\DeadlockApp.deps.json&apos;" date="2025-10-15T21:40:48.392" /><!-- duration: 0ms -->
          <step title="Copying file: &apos;publish\DeadlockApp.runtimeconfig.json&apos;" date="2025-10-15T21:40:48.412" /><!-- duration: 12ms -->
          <step title="Copying file: &apos;publish\DeadlockApp.staticwebassets.endpoints.json&apos;" date="2025-10-15T21:40:48.424" /><!-- duration: 18ms -->
          <step title="Copying file: &apos;publish\web.config&apos;" date="2025-10-15T21:40:48.442" /><!-- duration: 0ms -->
          <step title="Deleting app_offline.htm" date="2025-10-15T21:40:48.455" /><!-- duration: 17ms -->
          <step title="Finished successfully." date="2025-10-15T21:40:48.472" /><!-- duration: 11ms -->
        </step><!-- duration: 1729ms -->
        <step title="Running post deployment command(s)..." date="2025-10-15T21:40:48.533" /><!-- duration: 0ms -->
        <step title="Triggering recycle (preview mode disabled)." date="2025-10-15T21:40:48.595" /><!-- duration: 0ms -->
        <step title="Ignoring FS watcher based recycle request as this is a classic Windows app." date="2025-10-15T21:40:48.595" /><!-- duration: 0ms -->
        <step title="Deployment successful. DEPLOYMENTINFO: deploymentPath = ZipDeploy. Extract zip. , deployer = ZipDeploy, os = windows, sku = Standard, siteName = deadlock-demo-app, siteHostName = deadlock-demo-app.azurewebsites.net, deploymentStatus = Success" date="2025-10-15T21:40:48.642" /><!-- duration: 0ms -->
      </step><!-- duration: 2427ms -->
    </step><!-- duration: 2818ms -->
    <step title="Cleaning up temp files" date="2025-10-15T21:40:48.814" /><!-- duration: 19ms -->
    <step title="Skip function trigger and logicapp sync because function is not enabled." date="2025-10-15T21:40:48.845" /><!-- duration: 0ms -->
  </step><!-- duration: 4025ms -->
  <step title="LockFile &apos;C:\home\site\locks\deployments.lock&apos; released" date="2025-10-15T21:40:48.892" /><!-- duration: 0ms -->
  <step title="Deleting shutdown sentinel file" date="2025-10-15T21:40:48.892" SemaphoreCount="8" /><!-- duration: 0ms -->
</step><!-- duration: 4290ms -->
