<step title="BackgroundTrace" date="2025-10-16T09:29:11.768" instance="c41bc2" url="/api/zipdeploy" method="POST" >
  <step title="Updating shutdown sentinel last write time" date="2025-10-16T09:29:11.768" SemaphoreCount="7" /><!-- duration: 18ms -->
  <step title="LockFile &apos;C:\home\site\locks\deployments.lock&apos; acquired" date="2025-10-16T09:29:11.786" /><!-- duration: 0ms -->
  <step title="Creating temporary deployment" date="2025-10-16T09:29:11.786" /><!-- duration: 30ms -->
  <step title="Performing fetch based deployment" date="2025-10-16T09:29:11.816" >
    <step title="Fetching changes." date="2025-10-16T09:29:11.877" /><!-- duration: 17ms -->
    <step title="Starting LocalZipHandler" date="2025-10-16T09:29:11.909" /><!-- duration: 0ms -->
    <step title="Cleaning up temp folders from previous zip deployments and extracting pushed zip file C:\local\Temp\zipdeploy\sda1xa34.zip (2.26 MB) to C:\local\Temp\zipdeploy\extracted" date="2025-10-16T09:29:11.975" /><!-- duration: 0ms -->
    <step title="Cleaning up temp folders from previous zip deployments and extracting pushed zip file C:\local\Temp\zipdeploy\sda1xa34.zip (2.26 MB) to C:\local\Temp\zipdeploy\extracted" date="2025-10-16T09:29:11.975" >
      <step title="Renaming extractTargetDirectory(C:\local\Temp\zipdeploy\extracted) to tempDirectory(C:\local\Temp\zipdeploy\w1x02j00.apf)" date="2025-10-16T09:29:11.987" /><!-- duration: 0ms -->
      <step title="Extracting 131 entries to C:\local\Temp\zipdeploy\extracted directory" date="2025-10-16T09:29:12.146" >
        <step title="Extracting to C:\local\Temp\zipdeploy\extracted\publish\appsettings.Development.json ..." date="2025-10-16T09:29:12.159" /><!-- duration: 17ms -->
        <step title="Extracting to C:\local\Temp\zipdeploy\extracted\publish\appsettings.json ..." date="2025-10-16T09:29:12.176" /><!-- duration: 14ms -->
        <step title="Extracting to C:\local\Temp\zipdeploy\extracted\publish\appsettings.Production.json ..." date="2025-10-16T09:29:12.190" /><!-- duration: 16ms -->
        <step title="Extracting to C:\local\Temp\zipdeploy\extracted\publish\DeadlockApp.deps.json ..." date="2025-10-16T09:29:12.206" /><!-- duration: 0ms -->
        <step title="Extracting to C:\local\Temp\zipdeploy\extracted\publish\DeadlockApp.runtimeconfig.json ..." date="2025-10-16T09:29:12.206" /><!-- duration: 15ms -->
        <step title="Omitting extracting file traces ..." date="2025-10-16T09:29:12.237" /><!-- duration: 16ms -->
        <step title="Extracting to C:\local\Temp\zipdeploy\extracted\web.config ..." date="2025-10-16T09:29:12.862" /><!-- duration: 31ms -->
      </step><!-- duration: 766ms -->
    </step><!-- duration: 937ms -->
    <step title="Before sending BuildRequestReceived status to /api/updatedeploystatus" date="2025-10-16T09:29:12.912" /><!-- duration: 0ms -->
    <step title="DeploymentManager.Deploy(id:6092e5bf34a845c0a2675848f6d880b9)" date="2025-10-16T09:29:12.924" >
      <step title="Collecting changeset information" date="2025-10-16T09:29:12.924" /><!-- duration: 141ms -->
      <step title="Updating submodules" date="2025-10-16T09:29:13.084" >
        <step title="Updating submodules." date="2025-10-16T09:29:13.112" /><!-- duration: 0ms -->
      </step><!-- duration: 28ms -->
      <step title="Preparing deployment for commit id &apos;6092e5bf34&apos;." date="2025-10-16T09:29:13.174" /><!-- duration: 19ms -->
      <step title="Determining deployment builder" date="2025-10-16T09:29:13.237" >
        <step title="Builder is BasicBuilder" date="2025-10-16T09:29:13.253" /><!-- duration: 20ms -->
      </step><!-- duration: 47ms -->
      <step title="Copying SSH keys" date="2025-10-16T09:29:13.284" /><!-- duration: 0ms -->
      <step title="Building" date="2025-10-16T09:29:13.299" >
        <step title="Generating deployment script." date="2025-10-16T09:29:13.334" /><!-- duration: 0ms -->
        <step title="Generating deployment script" date="2025-10-16T09:29:13.334" >
          <step title="Using cached version of the deployment script for command: -y --no-dot-deployment -r &quot;C:\local\Temp\zipdeploy\extracted&quot; -o &quot;C:\home\site\deployments\tools&quot; --basic --sitePath &quot;C:\local\Temp\zipdeploy\extracted&quot;" date="2025-10-16T09:29:13.346" /><!-- duration: 0ms -->
          <step title="Using cached version of deployment script (command: &apos;azure -y --no-dot-deployment -r &quot;C:\local\Temp\zipdeploy\extracted&quot; -o &quot;C:\home\site\deployments\tools&quot; --basic --sitePath &quot;C:\local\Temp\zipdeploy\extracted&quot;&apos;)." date="2025-10-16T09:29:13.362" /><!-- duration: 0ms -->
        </step><!-- duration: 28ms -->
        <step title="Running deployment command..." date="2025-10-16T09:29:13.424" /><!-- duration: 16ms -->
        <step title="Command: &quot;C:\home\site\deployments\tools\deploy.cmd&quot;" date="2025-10-16T09:29:13.456" /><!-- duration: 0ms -->
        <step title="Executing external process" date="2025-10-16T09:29:13.471" type="process" path="starter.cmd" arguments="&quot;C:\home\site\deployments\tools\deploy.cmd&quot;" >
          <step title="Handling Basic Web Site deployment." date="2025-10-16T09:29:13.971" /><!-- duration: 0ms -->
          <step title="Creating app_offline.htm" date="2025-10-16T09:29:16.225" /><!-- duration: 12ms -->
          <step title="KuduSync.NET from: &apos;C:\local\Temp\zipdeploy\extracted&apos; to: &apos;C:\home\site\wwwroot&apos;" date="2025-10-16T09:29:16.237" /><!-- duration: 18ms -->
          <step title="Copying file: &apos;DeadlockApp.dll&apos;" date="2025-10-16T09:29:16.255" /><!-- duration: 13ms -->
          <step title="Copying file: &apos;DeadlockApp.exe&apos;" date="2025-10-16T09:29:16.285" /><!-- duration: 0ms -->
          <step title="Copying file: &apos;DeadlockApp.pdb&apos;" date="2025-10-16T09:29:16.285" /><!-- duration: 20ms -->
          <step title="Copying file: &apos;publish\publish\publish\publish\publish\publish\DeadlockApp.deps.json&apos;" date="2025-10-16T09:29:16.315" /><!-- duration: 20ms -->
          <step title="Copying file: &apos;publish\publish\publish\publish\publish\publish\DeadlockApp.runtimeconfig.json&apos;" date="2025-10-16T09:29:16.346" /><!-- duration: 0ms -->
          <step title="Copying file: &apos;publish\publish\publish\publish\publish\publish\DeadlockApp.staticwebassets.endpoints.json&apos;" date="2025-10-16T09:29:16.377" /><!-- duration: 18ms -->
          <step title="Copying file: &apos;publish\publish\publish\publish\publish\publish\publish\publish\DeadlockApp.deps.json&apos;" date="2025-10-16T09:29:16.395" /><!-- duration: 14ms -->
          <step title="Copying file: &apos;publish\publish\publish\publish\publish\publish\publish\publish\DeadlockApp.runtimeconfig.json&apos;" date="2025-10-16T09:29:16.425" /><!-- duration: 0ms -->
          <step title="Copying file: &apos;publish\publish\publish\publish\publish\publish\publish\publish\DeadlockApp.staticwebassets.endpoints.json&apos;" date="2025-10-16T09:29:16.445" /><!-- duration: 0ms -->
          <step title="Copying file: &apos;publish\publish\publish\publish\publish\publish\publish\publish\publish\publish\publish\publish\publish\appsettings.Development.json&apos;" date="2025-10-16T09:29:16.455" /><!-- duration: 0ms -->
          <step title="Copying file: &apos;publish\publish\publish\publish\publish\publish\publish\publish\publish\publish\publish\publish\publish\appsettings.json&apos;" date="2025-10-16T09:29:18.841" /><!-- duration: 12ms -->
          <step title="Copying file: &apos;publish\publish\publish\publish\publish\publish\publish\publish\publish\publish\publish\publish\publish\appsettings.Production.json&apos;" date="2025-10-16T09:29:18.871" /><!-- duration: 0ms -->
          <step title="Copying file: &apos;publish\publish\publish\publish\publish\publish\publish\publish\publish\publish\publish\publish\publish\DeadlockApp.deps.json&apos;" date="2025-10-16T09:29:18.921" /><!-- duration: 0ms -->
          <step title="Copying file: &apos;publish\publish\publish\publish\publish\publish\publish\publish\publish\publish\publish\publish\publish\DeadlockApp.runtimeconfig.json&apos;" date="2025-10-16T09:29:18.947" /><!-- duration: 16ms -->
          <step title="Copying file: &apos;publish\publish\publish\publish\publish\publish\publish\publish\publish\publish\publish\publish\publish\DeadlockApp.staticwebassets.endpoints.json&apos;" date="2025-10-16T09:29:18.981" /><!-- duration: 0ms -->
          <step title="Copying file: &apos;publish\publish\publish\publish\publish\publish\publish\publish\publish\publish\publish\publish\publish\web.config&apos;" date="2025-10-16T09:29:18.994" /><!-- duration: 0ms -->
          <step title="Deleting app_offline.htm" date="2025-10-16T09:29:19.009" /><!-- duration: 0ms -->
          <step title="Finished successfully." date="2025-10-16T09:29:19.009" /><!-- duration: 0ms -->
        </step><!-- duration: 5538ms -->
        <step title="Running post deployment command(s)..." date="2025-10-16T09:29:19.056" /><!-- duration: 16ms -->
        <step title="Triggering recycle (preview mode disabled)." date="2025-10-16T09:29:19.103" /><!-- duration: 16ms -->
        <step title="Ignoring FS watcher based recycle request as this is a classic Windows app." date="2025-10-16T09:29:19.119" /><!-- duration: 0ms -->
        <step title="Deployment successful. DEPLOYMENTINFO: deploymentPath = ZipDeploy. Extract zip. , deployer = ZipDeploy, os = windows, sku = Standard, siteName = deadlock-demo-app, siteHostName = deadlock-demo-app.azurewebsites.net, deploymentStatus = Success" date="2025-10-16T09:29:19.183" /><!-- duration: 0ms -->
        <step title="Purge deployment items" date="2025-10-16T09:29:19.337" >
          <step title="Remove b5591531d, Success, received at 10/15/2025 9:51:07 PM" date="2025-10-16T09:29:19.384" /><!-- duration: 0ms -->
        </step><!-- duration: 47ms -->
      </step><!-- duration: 6137ms -->
    </step><!-- duration: 6523ms -->
    <step title="Cleaning up temp files" date="2025-10-16T09:29:19.447" /><!-- duration: 0ms -->
    <step title="Skip function trigger and logicapp sync because function is not enabled." date="2025-10-16T09:29:19.466" /><!-- duration: 0ms -->
  </step><!-- duration: 7662ms -->
  <step title="LockFile &apos;C:\home\site\locks\deployments.lock&apos; released" date="2025-10-16T09:29:19.494" /><!-- duration: 0ms -->
  <step title="Deleting shutdown sentinel file" date="2025-10-16T09:29:19.494" SemaphoreCount="8" /><!-- duration: 16ms -->
</step><!-- duration: 7741ms -->
