<step title="Incoming Request" date="2025-10-15T22:17:26.714" instance="c41bc2" url="/api/zipdeploy?isAsync=true" method="POST" type="request" pid="6356,2,23" Cache-Control="no-cache" Content-Length="2256181" Content-Type="application/octet-stream" Accept="*/*" Accept-Encoding="gzip, deflate" Authorization="Bea..." Host="deadlock-demo-app.scm.azurewebsites.net" User-Agent="AZURECLI/2.70.0 (MSI)" x-ms-client-request-id="b6e6f036-aa14-11f0-b920-8038fb0f4edd" X-ARR-LOG-ID="b6e6f036-aa14-11f0-b920-8038fb0f4edd" CLIENT-IP="45.147.205.239:15617" X-SITE-DEPLOYMENT-ID="deadlock-demo-app" WAS-DEFAULT-HOSTNAME="deadlock-demo-app.scm.azurewebsites.net" X-Forwarded-Proto="https" X-AppService-Proto="https" X-Forwarded-TlsVersion="1.3" X-WAWS-Unencoded-URL="/api/zipdeploy?isAsync=true" >
  <step title="Cleanup Xml Logs" date="2025-10-15T22:17:26.714" /><!-- duration: 0ms -->
  <step title="ZipPushDeploy" date="2025-10-15T22:17:26.729" >
    <step title="ZipDeploy. Extract zip. " date="2025-10-15T22:17:26.745" /><!-- duration: 16ms -->
    <step title="Starting PushDeployAsync" date="2025-10-15T22:17:26.760" /><!-- duration: 16ms -->
    <step title="Updating shutdown sentinel last write time" date="2025-10-15T22:17:26.776" SemaphoreCount="7" /><!-- duration: 0ms -->
    <step title="LockFile &apos;C:\home\site\locks\deployments.lock&apos; acquired" date="2025-10-15T22:17:26.792" /><!-- duration: 0ms -->
    <step title="Saving request content to C:\local\Temp\zipdeploy\zh5wk2iy.zip" date="2025-10-15T22:17:26.792" >
      <step title="Total 2,256,181 bytes written to C:\local\Temp\zipdeploy\zh5wk2iy.zip" date="2025-10-15T22:17:27.050" /><!-- duration: 15ms -->
    </step><!-- duration: 307ms -->
    <step title="LockFile &apos;C:\home\site\locks\deployments.lock&apos; released" date="2025-10-15T22:17:27.098" /><!-- duration: 0ms -->
    <step title="Deleting shutdown sentinel file" date="2025-10-15T22:17:27.112" SemaphoreCount="8" /><!-- duration: 0ms -->
    <step title="Starting FetchDeploy" date="2025-10-15T22:17:27.112" /><!-- duration: 0ms -->
    <step title="Start deployment in the background" date="2025-10-15T22:17:27.112" /><!-- duration: 78ms -->
  </step><!-- duration: 461ms -->
  <step title="Outgoing response" date="2025-10-15T22:17:27.207" type="response" statusCode="202" statusText="Accepted" Server="Microsoft-IIS/10.0" x-ms-request-id="b6e6f036-aa14-11f0-b920-8038fb0f4edd" Retry-After="30" Cache-Control="private" X-AspNet-Version="4.0.30319" Location="https://deadlock-demo-app.scm.azurewebsites.net/api/deployments/latest?deployer=ZipDeploy&amp;time=2025-10-15_22-17-27Z" /><!-- duration: 14ms -->
</step><!-- duration: 524ms -->
