<step title="Incoming Request" date="2025-10-16T08:03:26.895" instance="c41bc2" url="/api/zipdeploy?isAsync=true" method="POST" type="request" pid="1848,2,7" Cache-Control="no-cache" Connection="Keep-Alive" Content-Length="2311101" Content-Type="application/octet-stream" Accept="*/*" Accept-Encoding="gzip, deflate" Authorization="Bea..." Host="deadlock-demo-app.scm.azurewebsites.net" User-Agent="AZURECLI/2.70.0 (MSI)" x-ms-client-request-id="8bafa8aa-aa66-11f0-9c5f-8038fb0f4edd" X-ARR-LOG-ID="8bafa8aa-aa66-11f0-9c5f-8038fb0f4edd" CLIENT-IP="45.147.205.239:15234" X-SITE-DEPLOYMENT-ID="deadlock-demo-app" WAS-DEFAULT-HOSTNAME="deadlock-demo-app.scm.azurewebsites.net" X-Forwarded-Proto="https" X-AppService-Proto="https" X-Forwarded-TlsVersion="1.3" X-WAWS-Unencoded-URL="/api/zipdeploy?isAsync=true" X-MS-COLDSTART="1" >
  <step title="ZipPushDeploy" date="2025-10-16T08:03:29.459" >
    <step title="ZipDeploy. Extract zip. " date="2025-10-16T08:03:29.540" /><!-- duration: 0ms -->
    <step title="Starting PushDeployAsync" date="2025-10-16T08:03:29.551" /><!-- duration: 0ms -->
    <step title="Updating shutdown sentinel last write time" date="2025-10-16T08:03:29.771" SemaphoreCount="7" /><!-- duration: 0ms -->
    <step title="LockFile &apos;C:\home\site\locks\deployments.lock&apos; acquired" date="2025-10-16T08:03:29.785" /><!-- duration: 0ms -->
    <step title="Saving request content to C:\local\Temp\zipdeploy\3ccu1eqx.zip" date="2025-10-16T08:03:29.801" >
      <step title="Total 2,311,101 bytes written to C:\local\Temp\zipdeploy\3ccu1eqx.zip" date="2025-10-16T08:03:29.943" /><!-- duration: 0ms -->
    </step><!-- duration: 142ms -->
    <step title="LockFile &apos;C:\home\site\locks\deployments.lock&apos; released" date="2025-10-16T08:03:29.957" /><!-- duration: 0ms -->
    <step title="Deleting shutdown sentinel file" date="2025-10-16T08:03:29.957" SemaphoreCount="8" /><!-- duration: 16ms -->
    <step title="Starting FetchDeploy" date="2025-10-16T08:03:29.973" /><!-- duration: 0ms -->
    <step title="Start deployment in the background" date="2025-10-16T08:03:29.988" >
      <step title="Starting LocalZipFetch" date="2025-10-16T08:03:30.475" /><!-- duration: 0ms -->
    </step><!-- duration: 631ms -->
  </step><!-- duration: 1160ms -->
  <step title="Outgoing response" date="2025-10-16T08:03:35.315" type="response" statusCode="202" statusText="Accepted" Server="Microsoft-IIS/10.0" x-ms-request-id="8bafa8aa-aa66-11f0-9c5f-8038fb0f4edd" Retry-After="30" Cache-Control="private" X-AspNet-Version="4.0.30319" Location="https://deadlock-demo-app.scm.azurewebsites.net/api/deployments/latest?deployer=ZipDeploy&amp;time=2025-10-16_08-03-30Z" /><!-- duration: 0ms -->
</step><!-- duration: 8420ms -->
