<step title="Incoming Request" date="2025-10-15T20:36:36.494" instance="2b11e6" url="/api/zipdeploy?isAsync=true" method="POST" type="request" pid="1384,2,7" Cache-Control="no-cache" Connection="Keep-Alive" Content-Length="2210672" Content-Type="application/octet-stream" Accept="*/*" Accept-Encoding="gzip, deflate" Authorization="Bea..." Host="deadlock-demo-app.scm.azurewebsites.net" User-Agent="AZURECLI/2.70.0 (MSI)" x-ms-client-request-id="4655be8b-aa06-11f0-beb3-8038fb0f4edd" X-ARR-LOG-ID="4655be8b-aa06-11f0-beb3-8038fb0f4edd" CLIENT-IP="45.147.205.239:14936" X-SITE-DEPLOYMENT-ID="deadlock-demo-app" WAS-DEFAULT-HOSTNAME="deadlock-demo-app.scm.azurewebsites.net" X-Forwarded-Proto="https" X-AppService-Proto="https" X-Forwarded-TlsVersion="1.3" X-WAWS-Unencoded-URL="/api/zipdeploy?isAsync=true" X-MS-COLDSTART="1" >
  <step title="ZipPushDeploy" date="2025-10-15T20:36:40.072" >
    <step title="ZipDeploy. Extract zip. " date="2025-10-15T20:36:40.197" /><!-- duration: 19ms -->
    <step title="Starting PushDeployAsync" date="2025-10-15T20:36:40.245" /><!-- duration: 0ms -->
    <step title="Updating shutdown sentinel last write time" date="2025-10-15T20:36:40.684" SemaphoreCount="7" /><!-- duration: 13ms -->
    <step title="LockFile &apos;C:\home\site\locks\deployments.lock&apos; acquired" date="2025-10-15T20:36:40.697" /><!-- duration: 0ms -->
    <step title="Saving request content to C:\local\Temp\zipdeploy\jg4j1qfw.zip" date="2025-10-15T20:36:40.744" >
      <step title="Total 2,210,672 bytes written to C:\local\Temp\zipdeploy\jg4j1qfw.zip" date="2025-10-15T20:36:40.951" /><!-- duration: 12ms -->
    </step><!-- duration: 219ms -->
    <step title="LockFile &apos;C:\home\site\locks\deployments.lock&apos; released" date="2025-10-15T20:36:40.980" /><!-- duration: 0ms -->
    <step title="Deleting shutdown sentinel file" date="2025-10-15T20:36:40.994" SemaphoreCount="8" /><!-- duration: 0ms -->
    <step title="Starting FetchDeploy" date="2025-10-15T20:36:41.010" /><!-- duration: 0ms -->
    <step title="Start deployment in the background" date="2025-10-15T20:36:41.028" /><!-- duration: 358ms -->
  </step><!-- duration: 1333ms -->
  <step title="Outgoing response" date="2025-10-15T20:36:41.621" type="response" statusCode="202" statusText="Accepted" Server="Microsoft-IIS/10.0" x-ms-request-id="4655be8b-aa06-11f0-beb3-8038fb0f4edd" Retry-After="30" Cache-Control="private" X-AspNet-Version="4.0.30319" Location="https://deadlock-demo-app.scm.azurewebsites.net/api/deployments/latest?deployer=ZipDeploy&amp;time=2025-10-15_20-36-41Z" /><!-- duration: 0ms -->
</step><!-- duration: 5145ms -->
