<step title="Incoming Request" date="2025-10-15T22:36:07.377" instance="c41bc2" url="/api/zipdeploy?isAsync=true" method="POST" type="request" pid="6356,2,43" Cache-Control="no-cache" Content-Length="2262404" Content-Type="application/octet-stream" Accept="*/*" Accept-Encoding="gzip, deflate" Authorization="Bea..." Host="deadlock-demo-app.scm.azurewebsites.net" User-Agent="AZURECLI/2.70.0 (MSI)" x-ms-client-request-id="50b43710-aa17-11f0-8c4e-8038fb0f4edd" X-ARR-LOG-ID="50b43710-aa17-11f0-8c4e-8038fb0f4edd" CLIENT-IP="45.147.205.239:15149" X-SITE-DEPLOYMENT-ID="deadlock-demo-app" WAS-DEFAULT-HOSTNAME="deadlock-demo-app.scm.azurewebsites.net" X-Forwarded-Proto="https" X-AppService-Proto="https" X-Forwarded-TlsVersion="1.3" X-WAWS-Unencoded-URL="/api/zipdeploy?isAsync=true" >
  <step title="Cleanup Xml Logs" date="2025-10-15T22:36:07.393" /><!-- duration: 0ms -->
  <step title="ZipPushDeploy" date="2025-10-15T22:36:07.440" >
    <step title="ZipDeploy. Extract zip. " date="2025-10-15T22:36:07.440" /><!-- duration: 0ms -->
    <step title="Starting PushDeployAsync" date="2025-10-15T22:36:07.456" /><!-- duration: 0ms -->
    <step title="Updating shutdown sentinel last write time" date="2025-10-15T22:36:07.456" SemaphoreCount="7" /><!-- duration: 19ms -->
    <step title="LockFile &apos;C:\home\site\locks\deployments.lock&apos; acquired" date="2025-10-15T22:36:07.475" /><!-- duration: 0ms -->
    <step title="Saving request content to C:\local\Temp\zipdeploy\hgpdjuus.zip" date="2025-10-15T22:36:07.487" >
      <step title="Total 2,262,404 bytes written to C:\local\Temp\zipdeploy\hgpdjuus.zip" date="2025-10-15T22:36:08.081" /><!-- duration: 18ms -->
    </step><!-- duration: 672ms -->
    <step title="LockFile &apos;C:\home\site\locks\deployments.lock&apos; released" date="2025-10-15T22:36:08.190" /><!-- duration: 31ms -->
    <step title="Deleting shutdown sentinel file" date="2025-10-15T22:36:08.299" SemaphoreCount="8" /><!-- duration: 80ms -->
    <step title="Starting FetchDeploy" date="2025-10-15T22:36:08.409" /><!-- duration: 20ms -->
    <step title="Start deployment in the background" date="2025-10-15T22:36:08.534" /><!-- duration: 301ms -->
  </step><!-- duration: 1484ms -->
  <step title="Outgoing response" date="2025-10-15T22:36:09.006" type="response" statusCode="202" statusText="Accepted" Server="Microsoft-IIS/10.0" x-ms-request-id="50b43710-aa17-11f0-8c4e-8038fb0f4edd" Retry-After="30" Cache-Control="private" X-AspNet-Version="4.0.30319" Location="https://deadlock-demo-app.scm.azurewebsites.net/api/deployments/latest?deployer=ZipDeploy&amp;time=2025-10-15_22-36-08Z" /><!-- duration: 28ms -->
</step><!-- duration: 1656ms -->
