<step title="BackgroundTrace" date="2025-10-15T22:36:08.570" instance="c41bc2" url="/api/zipdeploy" method="POST" >
  <step title="Updating shutdown sentinel last write time" date="2025-10-15T22:36:08.599" SemaphoreCount="7" /><!-- duration: 0ms -->
  <step title="LockFile &apos;C:\home\site\locks\deployments.lock&apos; acquired" date="2025-10-15T22:36:08.599" /><!-- duration: 13ms -->
  <step title="Creating temporary deployment" date="2025-10-15T22:36:08.629" /><!-- duration: 186ms -->
  <step title="Performing fetch based deployment" date="2025-10-15T22:36:08.834" >
    <step title="Fetching changes." date="2025-10-15T22:36:09.065" /><!-- duration: 31ms -->
    <step title="Starting LocalZipHandler" date="2025-10-15T22:36:09.096" /><!-- duration: 0ms -->
    <step title="Cleaning up temp folders from previous zip deployments and extracting pushed zip file C:\local\Temp\zipdeploy\hgpdjuus.zip (2.16 MB) to C:\local\Temp\zipdeploy\extracted" date="2025-10-15T22:36:09.143" /><!-- duration: 0ms -->
    <step title="Cleaning up temp folders from previous zip deployments and extracting pushed zip file C:\local\Temp\zipdeploy\hgpdjuus.zip (2.16 MB) to C:\local\Temp\zipdeploy\extracted" date="2025-10-15T22:36:09.143" >
      <step title="Renaming extractTargetDirectory(C:\local\Temp\zipdeploy\extracted) to tempDirectory(C:\local\Temp\zipdeploy\psz3fmse.ch4)" date="2025-10-15T22:36:09.143" /><!-- duration: 0ms -->
      <step title="Extracting 75 entries to C:\local\Temp\zipdeploy\extracted directory" date="2025-10-15T22:36:09.253" >
        <step title="Extracting to C:\local\Temp\zipdeploy\extracted\publish\appsettings.Development.json ..." date="2025-10-15T22:36:09.284" /><!-- duration: 0ms -->
        <step title="Extracting to C:\local\Temp\zipdeploy\extracted\publish\appsettings.json ..." date="2025-10-15T22:36:09.284" /><!-- duration: 31ms -->
        <step title="Extracting to C:\local\Temp\zipdeploy\extracted\publish\appsettings.Production.json ..." date="2025-10-15T22:36:09.315" /><!-- duration: 0ms -->
        <step title="Extracting to C:\local\Temp\zipdeploy\extracted\publish\DeadlockApp.deps.json ..." date="2025-10-15T22:36:09.315" /><!-- duration: 0ms -->
        <step title="Extracting to C:\local\Temp\zipdeploy\extracted\publish\DeadlockApp.runtimeconfig.json ..." date="2025-10-15T22:36:09.334" /><!-- duration: 12ms -->
        <step title="Omitting extracting file traces ..." date="2025-10-15T22:36:09.346" /><!-- duration: 0ms -->
        <step title="Extracting to C:\local\Temp\zipdeploy\extracted\web.config ..." date="2025-10-15T22:36:09.834" /><!-- duration: 0ms -->
      </step><!-- duration: 581ms -->
    </step><!-- duration: 703ms -->
    <step title="Before sending BuildRequestReceived status to /api/updatedeploystatus" date="2025-10-15T22:36:09.846" /><!-- duration: 0ms -->
    <step title="DeploymentManager.Deploy(id:45f18428fbed40a58ea62abe72518214)" date="2025-10-15T22:36:09.846" >
      <step title="Collecting changeset information" date="2025-10-15T22:36:09.862" /><!-- duration: 62ms -->
      <step title="Updating submodules" date="2025-10-15T22:36:09.924" >
        <step title="Updating submodules." date="2025-10-15T22:36:09.987" /><!-- duration: 16ms -->
      </step><!-- duration: 78ms -->
      <step title="Preparing deployment for commit id &apos;45f18428fb&apos;." date="2025-10-15T22:36:10.049" /><!-- duration: 19ms -->
      <step title="Determining deployment builder" date="2025-10-15T22:36:10.128" >
        <step title="Builder is BasicBuilder" date="2025-10-15T22:36:10.128" /><!-- duration: 0ms -->
      </step><!-- duration: 20ms -->
      <step title="Copying SSH keys" date="2025-10-15T22:36:10.190" /><!-- duration: 0ms -->
      <step title="Building" date="2025-10-15T22:36:10.190" >
        <step title="Generating deployment script." date="2025-10-15T22:36:10.237" /><!-- duration: 0ms -->
        <step title="Generating deployment script" date="2025-10-15T22:36:10.252" >
          <step title="Using cached version of the deployment script for command: -y --no-dot-deployment -r &quot;C:\local\Temp\zipdeploy\extracted&quot; -o &quot;C:\home\site\deployments\tools&quot; --basic --sitePath &quot;C:\local\Temp\zipdeploy\extracted&quot;" date="2025-10-15T22:36:10.270" /><!-- duration: 0ms -->
          <step title="Using cached version of deployment script (command: &apos;azure -y --no-dot-deployment -r &quot;C:\local\Temp\zipdeploy\extracted&quot; -o &quot;C:\home\site\deployments\tools&quot; --basic --sitePath &quot;C:\local\Temp\zipdeploy\extracted&quot;&apos;)." date="2025-10-15T22:36:10.284" /><!-- duration: 0ms -->
        </step><!-- duration: 31ms -->
        <step title="Running deployment command..." date="2025-10-15T22:36:10.317" /><!-- duration: 0ms -->
        <step title="Command: &quot;C:\home\site\deployments\tools\deploy.cmd&quot;" date="2025-10-15T22:36:10.331" /><!-- duration: 0ms -->
        <step title="Executing external process" date="2025-10-15T22:36:10.892" type="process" path="starter.cmd" arguments="&quot;C:\home\site\deployments\tools\deploy.cmd&quot;" >
          <step title="Handling Basic Web Site deployment." date="2025-10-15T22:36:13.408" /><!-- duration: 0ms -->
          <step title="Creating app_offline.htm" date="2025-10-15T22:36:16.150" /><!-- duration: 0ms -->
          <step title="KuduSync.NET from: &apos;C:\local\Temp\zipdeploy\extracted&apos; to: &apos;C:\home\site\wwwroot&apos;" date="2025-10-15T22:36:16.166" /><!-- duration: 0ms -->
          <step title="Copying file: &apos;DeadlockApp.deps.json&apos;" date="2025-10-15T22:36:16.185" /><!-- duration: 0ms -->
          <step title="Copying file: &apos;DeadlockApp.dll&apos;" date="2025-10-15T22:36:16.197" /><!-- duration: 0ms -->
          <step title="Copying file: &apos;DeadlockApp.exe&apos;" date="2025-10-15T22:36:16.215" /><!-- duration: 0ms -->
          <step title="Copying file: &apos;DeadlockApp.pdb&apos;" date="2025-10-15T22:36:16.228" /><!-- duration: 0ms -->
          <step title="Copying file: &apos;DeadlockApp.runtimeconfig.json&apos;" date="2025-10-15T22:36:16.295" /><!-- duration: 11ms -->
          <step title="Copying file: &apos;DeadlockApp.staticwebassets.endpoints.json&apos;" date="2025-10-15T22:36:16.322" /><!-- duration: 0ms -->
          <step title="Copying file: &apos;publish\publish\publish\publish\publish\appsettings.Development.json&apos;" date="2025-10-15T22:36:16.322" /><!-- duration: 0ms -->
          <step title="Copying file: &apos;publish\publish\publish\publish\publish\appsettings.json&apos;" date="2025-10-15T22:36:16.338" /><!-- duration: 0ms -->
          <step title="Copying file: &apos;publish\publish\publish\publish\publish\appsettings.Production.json&apos;" date="2025-10-15T22:36:16.338" /><!-- duration: 0ms -->
          <step title="Copying file: &apos;publish\publish\publish\publish\publish\DeadlockApp.deps.json&apos;" date="2025-10-15T22:36:16.353" /><!-- duration: 0ms -->
          <step title="Copying file: &apos;publish\publish\publish\publish\publish\DeadlockApp.runtimeconfig.json&apos;" date="2025-10-15T22:36:16.369" /><!-- duration: 16ms -->
          <step title="Copying file: &apos;publish\publish\publish\publish\publish\DeadlockApp.staticwebassets.endpoints.json&apos;" date="2025-10-15T22:36:16.385" /><!-- duration: 20ms -->
          <step title="Copying file: &apos;publish\publish\publish\publish\publish\web.config&apos;" date="2025-10-15T22:36:16.416" /><!-- duration: 0ms -->
          <step title="Deleting app_offline.htm" date="2025-10-15T22:36:16.416" /><!-- duration: 0ms -->
          <step title="Finished successfully." date="2025-10-15T22:36:16.416" /><!-- duration: 0ms -->
        </step><!-- duration: 5539ms -->
        <step title="Running post deployment command(s)..." date="2025-10-15T22:36:16.478" /><!-- duration: 17ms -->
        <step title="Triggering recycle (preview mode disabled)." date="2025-10-15T22:36:16.588" /><!-- duration: 0ms -->
        <step title="Ignoring FS watcher based recycle request as this is a classic Windows app." date="2025-10-15T22:36:16.603" /><!-- duration: 0ms -->
        <step title="Deployment successful. DEPLOYMENTINFO: deploymentPath = ZipDeploy. Extract zip. , deployer = ZipDeploy, os = windows, sku = Standard, siteName = deadlock-demo-app, siteHostName = deadlock-demo-app.azurewebsites.net, deploymentStatus = Success" date="2025-10-15T22:36:16.666" /><!-- duration: 0ms -->
      </step><!-- duration: 6585ms -->
    </step><!-- duration: 6960ms -->
    <step title="Cleaning up temp files" date="2025-10-15T22:36:16.806" /><!-- duration: 20ms -->
    <step title="Skip function trigger and logicapp sync because function is not enabled." date="2025-10-15T22:36:16.827" /><!-- duration: 11ms -->
  </step><!-- duration: 8003ms -->
  <step title="LockFile &apos;C:\home\site\locks\deployments.lock&apos; released" date="2025-10-15T22:36:16.853" /><!-- duration: 0ms -->
  <step title="Deleting shutdown sentinel file" date="2025-10-15T22:36:16.853" SemaphoreCount="8" /><!-- duration: 0ms -->
</step><!-- duration: 8284ms -->
