<step title="Incoming Request" date="2025-10-16T09:29:11.351" instance="c41bc2" url="/api/zipdeploy?isAsync=true" method="POST" type="request" pid="6872,2,19" Cache-Control="no-cache" Content-Length="2374489" Content-Type="application/octet-stream" Accept="*/*" Accept-Encoding="gzip, deflate" Authorization="Bea..." Host="deadlock-demo-app.scm.azurewebsites.net" User-Agent="AZURECLI/2.70.0 (MSI)" x-ms-client-request-id="8e18bf92-aa72-11f0-aff2-8038fb0f4edd" X-ARR-LOG-ID="8e18bf92-aa72-11f0-aff2-8038fb0f4edd" CLIENT-IP="45.147.205.239:15019" X-SITE-DEPLOYMENT-ID="deadlock-demo-app" WAS-DEFAULT-HOSTNAME="deadlock-demo-app.scm.azurewebsites.net" X-Forwarded-Proto="https" X-AppService-Proto="https" X-Forwarded-TlsVersion="1.3" X-WAWS-Unencoded-URL="/api/zipdeploy?isAsync=true" >
  <step title="Cleanup Xml Logs" date="2025-10-16T09:29:11.351" /><!-- duration: 0ms -->
  <step title="ZipPushDeploy" date="2025-10-16T09:29:11.362" >
    <step title="ZipDeploy. Extract zip. " date="2025-10-16T09:29:11.381" /><!-- duration: 0ms -->
    <step title="Starting PushDeployAsync" date="2025-10-16T09:29:11.393" /><!-- duration: 0ms -->
    <step title="Updating shutdown sentinel last write time" date="2025-10-16T09:29:11.393" SemaphoreCount="7" /><!-- duration: 18ms -->
    <step title="LockFile &apos;C:\home\site\locks\deployments.lock&apos; acquired" date="2025-10-16T09:29:11.424" /><!-- duration: 0ms -->
    <step title="Saving request content to C:\local\Temp\zipdeploy\sda1xa34.zip" date="2025-10-16T09:29:11.424" >
      <step title="Total 2,374,489 bytes written to C:\local\Temp\zipdeploy\sda1xa34.zip" date="2025-10-16T09:29:11.705" /><!-- duration: 0ms -->
    </step><!-- duration: 297ms -->
    <step title="LockFile &apos;C:\home\site\locks\deployments.lock&apos; released" date="2025-10-16T09:29:11.737" /><!-- duration: 16ms -->
    <step title="Deleting shutdown sentinel file" date="2025-10-16T09:29:11.752" SemaphoreCount="8" /><!-- duration: 0ms -->
    <step title="Starting FetchDeploy" date="2025-10-16T09:29:11.752" /><!-- duration: 0ms -->
    <step title="Start deployment in the background" date="2025-10-16T09:29:11.752" /><!-- duration: 63ms -->
  </step><!-- duration: 454ms -->
  <step title="Outgoing response" date="2025-10-16T09:29:11.846" type="response" statusCode="202" statusText="Accepted" Server="Microsoft-IIS/10.0" x-ms-request-id="8e18bf92-aa72-11f0-aff2-8038fb0f4edd" Retry-After="30" Cache-Control="private" X-AspNet-Version="4.0.30319" Location="https://deadlock-demo-app.scm.azurewebsites.net/api/deployments/latest?deployer=ZipDeploy&amp;time=2025-10-16_09-29-11Z" /><!-- duration: 18ms -->
</step><!-- duration: 544ms -->
<step title="Starting LocalZipFetch" date="2025-10-16T09:29:11.924" instance="c41bc2" /><!-- duration: 0ms -->
