<step title="BackgroundTrace" date="2025-10-16T09:20:30.490" instance="c41bc2" url="/api/zipdeploy" method="POST" >
  <step title="Updating shutdown sentinel last write time" date="2025-10-16T09:20:30.506" SemaphoreCount="7" /><!-- duration: 0ms -->
  <step title="LockFile &apos;C:\home\site\locks\deployments.lock&apos; acquired" date="2025-10-16T09:20:30.506" /><!-- duration: 16ms -->
  <step title="Creating temporary deployment" date="2025-10-16T09:20:30.521" /><!-- duration: 33ms -->
  <step title="Performing fetch based deployment" date="2025-10-16T09:20:30.568" >
    <step title="Fetching changes." date="2025-10-16T09:20:30.599" /><!-- duration: 16ms -->
    <step title="Starting LocalZipHandler" date="2025-10-16T09:20:30.633" /><!-- duration: 0ms -->
    <step title="Cleaning up temp folders from previous zip deployments and extracting pushed zip file C:\local\Temp\zipdeploy\qpkdqjpv.zip (2.25 MB) to C:\local\Temp\zipdeploy\extracted" date="2025-10-16T09:20:30.663" /><!-- duration: 0ms -->
    <step title="Cleaning up temp folders from previous zip deployments and extracting pushed zip file C:\local\Temp\zipdeploy\qpkdqjpv.zip (2.25 MB) to C:\local\Temp\zipdeploy\extracted" date="2025-10-16T09:20:30.678" >
      <step title="Renaming extractTargetDirectory(C:\local\Temp\zipdeploy\extracted) to tempDirectory(C:\local\Temp\zipdeploy\xdvwj20f.alo)" date="2025-10-16T09:20:30.678" /><!-- duration: 0ms -->
      <step title="Extracting 124 entries to C:\local\Temp\zipdeploy\extracted directory" date="2025-10-16T09:20:32.228" >
        <step title="Extracting to C:\local\Temp\zipdeploy\extracted\publish\appsettings.Development.json ..." date="2025-10-16T09:20:32.228" /><!-- duration: 12ms -->
        <step title="Extracting to C:\local\Temp\zipdeploy\extracted\publish\appsettings.json ..." date="2025-10-16T09:20:32.240" /><!-- duration: 0ms -->
        <step title="Extracting to C:\local\Temp\zipdeploy\extracted\publish\appsettings.Production.json ..." date="2025-10-16T09:20:32.258" /><!-- duration: 0ms -->
        <step title="Extracting to C:\local\Temp\zipdeploy\extracted\publish\DeadlockApp.deps.json ..." date="2025-10-16T09:20:32.287" /><!-- duration: 31ms -->
        <step title="Extracting to C:\local\Temp\zipdeploy\extracted\publish\DeadlockApp.runtimeconfig.json ..." date="2025-10-16T09:20:32.318" /><!-- duration: 0ms -->
        <step title="Omitting extracting file traces ..." date="2025-10-16T09:20:32.318" /><!-- duration: 16ms -->
        <step title="Extracting to C:\local\Temp\zipdeploy\extracted\web.config ..." date="2025-10-16T09:20:32.943" /><!-- duration: 0ms -->
      </step><!-- duration: 733ms -->
    </step><!-- duration: 2283ms -->
    <step title="Before sending BuildRequestReceived status to /api/updatedeploystatus" date="2025-10-16T09:20:32.961" /><!-- duration: 0ms -->
    <step title="DeploymentManager.Deploy(id:ef7fed5d12cf447098c52872201ad944)" date="2025-10-16T09:20:32.961" >
      <step title="Collecting changeset information" date="2025-10-16T09:20:32.974" /><!-- duration: 64ms -->
      <step title="Updating submodules" date="2025-10-16T09:20:33.038" >
        <step title="Updating submodules." date="2025-10-16T09:20:33.087" /><!-- duration: 13ms -->
      </step><!-- duration: 61ms -->
      <step title="Preparing deployment for commit id &apos;ef7fed5d12&apos;." date="2025-10-16T09:20:33.166" /><!-- duration: 12ms -->
      <step title="Determining deployment builder" date="2025-10-16T09:20:33.287" >
        <step title="Builder is BasicBuilder" date="2025-10-16T09:20:33.287" /><!-- duration: 0ms -->
      </step><!-- duration: 0ms -->
      <step title="Copying SSH keys" date="2025-10-16T09:20:33.318" /><!-- duration: 0ms -->
      <step title="Building" date="2025-10-16T09:20:33.318" >
        <step title="Generating deployment script." date="2025-10-16T09:20:33.365" /><!-- duration: 0ms -->
        <step title="Generating deployment script" date="2025-10-16T09:20:33.365" >
          <step title="Using cached version of the deployment script for command: -y --no-dot-deployment -r &quot;C:\local\Temp\zipdeploy\extracted&quot; -o &quot;C:\home\site\deployments\tools&quot; --basic --sitePath &quot;C:\local\Temp\zipdeploy\extracted&quot;" date="2025-10-16T09:20:33.443" /><!-- duration: 0ms -->
          <step title="Using cached version of deployment script (command: &apos;azure -y --no-dot-deployment -r &quot;C:\local\Temp\zipdeploy\extracted&quot; -o &quot;C:\home\site\deployments\tools&quot; --basic --sitePath &quot;C:\local\Temp\zipdeploy\extracted&quot;&apos;)." date="2025-10-16T09:20:33.475" /><!-- duration: 0ms -->
        </step><!-- duration: 109ms -->
        <step title="Running deployment command..." date="2025-10-16T09:20:33.521" /><!-- duration: 0ms -->
        <step title="Command: &quot;C:\home\site\deployments\tools\deploy.cmd&quot;" date="2025-10-16T09:20:33.537" /><!-- duration: 18ms -->
        <step title="Executing external process" date="2025-10-16T09:20:33.584" type="process" path="starter.cmd" arguments="&quot;C:\home\site\deployments\tools\deploy.cmd&quot;" >
          <step title="Handling Basic Web Site deployment." date="2025-10-16T09:20:34.696" /><!-- duration: 0ms -->
          <step title="Creating app_offline.htm" date="2025-10-16T09:20:36.617" /><!-- duration: 0ms -->
          <step title="KuduSync.NET from: &apos;C:\local\Temp\zipdeploy\extracted&apos; to: &apos;C:\home\site\wwwroot&apos;" date="2025-10-16T09:20:36.617" /><!-- duration: 14ms -->
          <step title="Copying file: &apos;DeadlockApp.dll&apos;" date="2025-10-16T09:20:36.647" /><!-- duration: 0ms -->
          <step title="Copying file: &apos;DeadlockApp.exe&apos;" date="2025-10-16T09:20:36.667" /><!-- duration: 11ms -->
          <step title="Copying file: &apos;DeadlockApp.pdb&apos;" date="2025-10-16T09:20:36.678" /><!-- duration: 18ms -->
          <step title="Copying file: &apos;publish\publish\publish\publish\publish\DeadlockApp.deps.json&apos;" date="2025-10-16T09:20:36.696" /><!-- duration: 13ms -->
          <step title="Copying file: &apos;publish\publish\publish\publish\publish\DeadlockApp.runtimeconfig.json&apos;" date="2025-10-16T09:20:36.709" /><!-- duration: 17ms -->
          <step title="Copying file: &apos;publish\publish\publish\publish\publish\DeadlockApp.staticwebassets.endpoints.json&apos;" date="2025-10-16T09:20:36.726" /><!-- duration: 0ms -->
          <step title="Copying file: &apos;publish\publish\publish\publish\publish\publish\publish\DeadlockApp.deps.json&apos;" date="2025-10-16T09:20:36.740" /><!-- duration: 16ms -->
          <step title="Copying file: &apos;publish\publish\publish\publish\publish\publish\publish\DeadlockApp.runtimeconfig.json&apos;" date="2025-10-16T09:20:36.776" /><!-- duration: 0ms -->
          <step title="Copying file: &apos;publish\publish\publish\publish\publish\publish\publish\DeadlockApp.staticwebassets.endpoints.json&apos;" date="2025-10-16T09:20:36.886" /><!-- duration: 90ms -->
          <step title="Copying file: &apos;publish\publish\publish\publish\publish\publish\publish\publish\publish\publish\publish\publish\appsettings.Development.json&apos;" date="2025-10-16T09:20:36.990" /><!-- duration: 0ms -->
          <step title="Copying file: &apos;publish\publish\publish\publish\publish\publish\publish\publish\publish\publish\publish\publish\appsettings.json&apos;" date="2025-10-16T09:20:39.357" /><!-- duration: 0ms -->
          <step title="Copying file: &apos;publish\publish\publish\publish\publish\publish\publish\publish\publish\publish\publish\publish\appsettings.Production.json&apos;" date="2025-10-16T09:20:39.372" /><!-- duration: 0ms -->
          <step title="Copying file: &apos;publish\publish\publish\publish\publish\publish\publish\publish\publish\publish\publish\publish\DeadlockApp.deps.json&apos;" date="2025-10-16T09:20:39.391" /><!-- duration: 0ms -->
          <step title="Copying file: &apos;publish\publish\publish\publish\publish\publish\publish\publish\publish\publish\publish\publish\DeadlockApp.runtimeconfig.json&apos;" date="2025-10-16T09:20:39.403" /><!-- duration: 0ms -->
          <step title="Copying file: &apos;publish\publish\publish\publish\publish\publish\publish\publish\publish\publish\publish\publish\DeadlockApp.staticwebassets.endpoints.json&apos;" date="2025-10-16T09:20:39.435" /><!-- duration: 16ms -->
          <step title="Copying file: &apos;publish\publish\publish\publish\publish\publish\publish\publish\publish\publish\publish\publish\web.config&apos;" date="2025-10-16T09:20:39.451" /><!-- duration: 15ms -->
          <step title="Deleting app_offline.htm" date="2025-10-16T09:20:39.466" /><!-- duration: 0ms -->
          <step title="Finished successfully." date="2025-10-16T09:20:39.497" /><!-- duration: 0ms -->
        </step><!-- duration: 5913ms -->
        <step title="Running post deployment command(s)..." date="2025-10-16T09:20:39.560" /><!-- duration: 18ms -->
        <step title="Triggering recycle (preview mode disabled)." date="2025-10-16T09:20:39.622" /><!-- duration: 0ms -->
        <step title="Ignoring FS watcher based recycle request as this is a classic Windows app." date="2025-10-16T09:20:39.622" /><!-- duration: 0ms -->
        <step title="Deployment successful. DEPLOYMENTINFO: deploymentPath = ZipDeploy. Extract zip. , deployer = ZipDeploy, os = windows, sku = Standard, siteName = deadlock-demo-app, siteHostName = deadlock-demo-app.azurewebsites.net, deploymentStatus = Success" date="2025-10-16T09:20:39.688" /><!-- duration: 0ms -->
        <step title="Purge deployment items" date="2025-10-16T09:20:39.857" >
          <step title="Remove 8f875685a, Success, received at 10/15/2025 9:40:46 PM" date="2025-10-16T09:20:39.966" /><!-- duration: 0ms -->
        </step><!-- duration: 109ms -->
      </step><!-- duration: 6679ms -->
    </step><!-- duration: 7037ms -->
    <step title="Cleaning up temp files" date="2025-10-16T09:20:39.997" /><!-- duration: 19ms -->
    <step title="Skip function trigger and logicapp sync because function is not enabled." date="2025-10-16T09:20:40.016" /><!-- duration: 0ms -->
  </step><!-- duration: 9507ms -->
  <step title="LockFile &apos;C:\home\site\locks\deployments.lock&apos; released" date="2025-10-16T09:20:40.075" /><!-- duration: 0ms -->
  <step title="Deleting shutdown sentinel file" date="2025-10-16T09:20:40.091" SemaphoreCount="8" /><!-- duration: 0ms -->
</step><!-- duration: 9601ms -->
