<step title="Incoming Request" date="2025-10-16T09:04:44.886" instance="c41bc2" url="/api/zipdeploy?isAsync=true" method="POST" type="request" pid="6872,2,7" Cache-Control="no-cache" Content-Length="2349997" Content-Type="application/octet-stream" Accept="*/*" Accept-Encoding="gzip, deflate" Authorization="Bea..." Host="deadlock-demo-app.scm.azurewebsites.net" User-Agent="AZURECLI/2.70.0 (MSI)" x-ms-client-request-id="1e030794-aa6f-11f0-88e5-8038fb0f4edd" X-ARR-LOG-ID="1e030794-aa6f-11f0-88e5-8038fb0f4edd" CLIENT-IP="45.147.205.239:15356" X-SITE-DEPLOYMENT-ID="deadlock-demo-app" WAS-DEFAULT-HOSTNAME="deadlock-demo-app.scm.azurewebsites.net" X-Forwarded-Proto="https" X-AppService-Proto="https" X-Forwarded-TlsVersion="1.3" X-WAWS-Unencoded-URL="/api/zipdeploy?isAsync=true" >
  <step title="ZipPushDeploy" date="2025-10-16T09:04:46.386" >
    <step title="ZipDeploy. Extract zip. " date="2025-10-16T09:04:46.467" /><!-- duration: 0ms -->
    <step title="Starting PushDeployAsync" date="2025-10-16T09:04:46.480" /><!-- duration: 17ms -->
    <step title="Updating shutdown sentinel last write time" date="2025-10-16T09:04:46.688" SemaphoreCount="7" /><!-- duration: 0ms -->
    <step title="LockFile &apos;C:\home\site\locks\deployments.lock&apos; acquired" date="2025-10-16T09:04:46.688" /><!-- duration: 11ms -->
    <step title="Saving request content to C:\local\Temp\zipdeploy\me1aihab.zip" date="2025-10-16T09:04:46.698" >
      <step title="Total 2,349,997 bytes written to C:\local\Temp\zipdeploy\me1aihab.zip" date="2025-10-16T09:04:46.839" /><!-- duration: 0ms -->
    </step><!-- duration: 156ms -->
    <step title="LockFile &apos;C:\home\site\locks\deployments.lock&apos; released" date="2025-10-16T09:04:46.855" /><!-- duration: 16ms -->
    <step title="Deleting shutdown sentinel file" date="2025-10-16T09:04:46.870" SemaphoreCount="8" /><!-- duration: 0ms -->
    <step title="Starting FetchDeploy" date="2025-10-16T09:04:46.889" /><!-- duration: 13ms -->
    <step title="Start deployment in the background" date="2025-10-16T09:04:46.902" /><!-- duration: 271ms -->
  </step><!-- duration: 816ms -->
  <step title="Outgoing response" date="2025-10-16T09:04:47.402" type="response" statusCode="202" statusText="Accepted" Server="Microsoft-IIS/10.0" x-ms-request-id="1e030794-aa6f-11f0-88e5-8038fb0f4edd" Retry-After="30" Cache-Control="private" X-AspNet-Version="4.0.30319" Location="https://deadlock-demo-app.scm.azurewebsites.net/api/deployments/latest?deployer=ZipDeploy&amp;time=2025-10-16_09-04-47Z" /><!-- duration: 18ms -->
</step><!-- duration: 2533ms -->
