<step title="BackgroundTrace" date="2025-10-15T22:32:34.465" instance="c41bc2" url="/api/zipdeploy" method="POST" >
  <step title="Updating shutdown sentinel last write time" date="2025-10-15T22:32:35.206" SemaphoreCount="7" /><!-- duration: 0ms -->
  <step title="LockFile &apos;C:\home\site\locks\deployments.lock&apos; acquired" date="2025-10-15T22:32:35.221" /><!-- duration: 0ms -->
  <step title="Creating temporary deployment" date="2025-10-15T22:32:35.221" /><!-- duration: 47ms -->
  <step title="Performing fetch based deployment" date="2025-10-15T22:32:35.286" >
    <step title="Fetching changes." date="2025-10-15T22:32:35.831" /><!-- duration: 16ms -->
    <step title="Starting LocalZipHandler" date="2025-10-15T22:32:35.846" /><!-- duration: 0ms -->
    <step title="Cleaning up temp folders from previous zip deployments and extracting pushed zip file C:\local\Temp\zipdeploy\xquzoakl.zip (2.15 MB) to C:\local\Temp\zipdeploy\extracted" date="2025-10-15T22:32:35.878" /><!-- duration: 0ms -->
    <step title="Cleaning up temp folders from previous zip deployments and extracting pushed zip file C:\local\Temp\zipdeploy\xquzoakl.zip (2.15 MB) to C:\local\Temp\zipdeploy\extracted" date="2025-10-15T22:32:35.878" >
      <step title="Renaming extractTargetDirectory(C:\local\Temp\zipdeploy\extracted) to tempDirectory(C:\local\Temp\zipdeploy\ztbj5lte.3dc)" date="2025-10-15T22:32:35.878" /><!-- duration: 16ms -->
      <step title="Extracting 68 entries to C:\local\Temp\zipdeploy\extracted directory" date="2025-10-15T22:32:36.297" >
        <step title="Extracting to C:\local\Temp\zipdeploy\extracted\publish\appsettings.Development.json ..." date="2025-10-15T22:32:36.315" /><!-- duration: 0ms -->
        <step title="Extracting to C:\local\Temp\zipdeploy\extracted\publish\appsettings.json ..." date="2025-10-15T22:32:36.315" /><!-- duration: 13ms -->
        <step title="Extracting to C:\local\Temp\zipdeploy\extracted\publish\appsettings.Production.json ..." date="2025-10-15T22:32:36.328" /><!-- duration: 0ms -->
        <step title="Extracting to C:\local\Temp\zipdeploy\extracted\publish\DeadlockApp.deps.json ..." date="2025-10-15T22:32:36.345" /><!-- duration: 15ms -->
        <step title="Extracting to C:\local\Temp\zipdeploy\extracted\publish\DeadlockApp.runtimeconfig.json ..." date="2025-10-15T22:32:36.360" /><!-- duration: 0ms -->
        <step title="Omitting extracting file traces ..." date="2025-10-15T22:32:36.360" /><!-- duration: 16ms -->
        <step title="Extracting to C:\local\Temp\zipdeploy\extracted\web.config ..." date="2025-10-15T22:32:36.797" /><!-- duration: 0ms -->
      </step><!-- duration: 500ms -->
    </step><!-- duration: 938ms -->
    <step title="Before sending BuildRequestReceived status to /api/updatedeploystatus" date="2025-10-15T22:32:36.816" /><!-- duration: 28ms -->
    <step title="DeploymentManager.Deploy(id:4c9246f16370423db8385d31ae24958d)" date="2025-10-15T22:32:36.844" >
      <step title="Collecting changeset information" date="2025-10-15T22:32:36.844" /><!-- duration: 50ms -->
      <step title="Updating submodules" date="2025-10-15T22:32:36.894" >
        <step title="Updating submodules." date="2025-10-15T22:32:36.954" /><!-- duration: 15ms -->
      </step><!-- duration: 75ms -->
      <step title="Preparing deployment for commit id &apos;4c9246f163&apos;." date="2025-10-15T22:32:37.113" /><!-- duration: 0ms -->
      <step title="Determining deployment builder" date="2025-10-15T22:32:37.141" >
        <step title="Builder is BasicBuilder" date="2025-10-15T22:32:37.141" /><!-- duration: 16ms -->
      </step><!-- duration: 32ms -->
      <step title="Copying SSH keys" date="2025-10-15T22:32:37.219" /><!-- duration: 0ms -->
      <step title="Building" date="2025-10-15T22:32:37.235" >
        <step title="Generating deployment script." date="2025-10-15T22:32:37.266" /><!-- duration: 0ms -->
        <step title="Generating deployment script" date="2025-10-15T22:32:37.281" >
          <step title="Using cached version of the deployment script for command: -y --no-dot-deployment -r &quot;C:\local\Temp\zipdeploy\extracted&quot; -o &quot;C:\home\site\deployments\tools&quot; --basic --sitePath &quot;C:\local\Temp\zipdeploy\extracted&quot;" date="2025-10-15T22:32:37.300" /><!-- duration: 0ms -->
          <step title="Using cached version of deployment script (command: &apos;azure -y --no-dot-deployment -r &quot;C:\local\Temp\zipdeploy\extracted&quot; -o &quot;C:\home\site\deployments\tools&quot; --basic --sitePath &quot;C:\local\Temp\zipdeploy\extracted&quot;&apos;)." date="2025-10-15T22:32:37.313" /><!-- duration: 0ms -->
        </step><!-- duration: 49ms -->
        <step title="Running deployment command..." date="2025-10-15T22:32:37.344" /><!-- duration: 16ms -->
        <step title="Command: &quot;C:\home\site\deployments\tools\deploy.cmd&quot;" date="2025-10-15T22:32:37.375" /><!-- duration: 0ms -->
        <step title="Executing external process" date="2025-10-15T22:32:37.393" type="process" path="starter.cmd" arguments="&quot;C:\home\site\deployments\tools\deploy.cmd&quot;" >
          <step title="Handling Basic Web Site deployment." date="2025-10-15T22:32:41.328" /><!-- duration: 0ms -->
          <step title="Creating app_offline.htm" date="2025-10-15T22:32:41.360" /><!-- duration: 0ms -->
          <step title="KuduSync.NET from: &apos;C:\local\Temp\zipdeploy\extracted&apos; to: &apos;C:\home\site\wwwroot&apos;" date="2025-10-15T22:32:41.376" /><!-- duration: 20ms -->
          <step title="Deleting app_offline.htm" date="2025-10-15T22:32:41.407" /><!-- duration: 0ms -->
          <step title="Finished successfully." date="2025-10-15T22:32:41.426" /><!-- duration: 12ms -->
        </step><!-- duration: 4045ms -->
        <step title="Running post deployment command(s)..." date="2025-10-15T22:32:41.537" /><!-- duration: 11ms -->
        <step title="Triggering recycle (preview mode disabled)." date="2025-10-15T22:32:41.625" /><!-- duration: 0ms -->
        <step title="Ignoring FS watcher based recycle request as this is a classic Windows app." date="2025-10-15T22:32:41.641" /><!-- duration: 0ms -->
        <step title="Deployment successful. DEPLOYMENTINFO: deploymentPath = ZipDeploy. Extract zip. , deployer = ZipDeploy, os = windows, sku = Standard, siteName = deadlock-demo-app, siteHostName = deadlock-demo-app.azurewebsites.net, deploymentStatus = Success" date="2025-10-15T22:32:41.750" /><!-- duration: 31ms -->
      </step><!-- duration: 4735ms -->
    </step><!-- duration: 5146ms -->
    <step title="Cleaning up temp files" date="2025-10-15T22:32:42.000" /><!-- duration: 0ms -->
    <step title="Skip function trigger and logicapp sync because function is not enabled." date="2025-10-15T22:32:42.020" /><!-- duration: 0ms -->
  </step><!-- duration: 6794ms -->
  <step title="LockFile &apos;C:\home\site\locks\deployments.lock&apos; released" date="2025-10-15T22:32:42.094" /><!-- duration: 0ms -->
  <step title="Deleting shutdown sentinel file" date="2025-10-15T22:32:42.110" SemaphoreCount="8" /><!-- duration: 0ms -->
</step><!-- duration: 7665ms -->
