﻿<?xml version="1.0" encoding="utf-8"?>
<deployment>
  <id>4128bae3e1cf4d32a5efc72fab0753ac</id>
  <author>N/A</author>
  <deployer>ZipDeploy</deployer>
  <authorEmail>N/A</authorEmail>
  <message>Created via a push deployment</message>
  <progress></progress>
  <status>Success</status>
  <statusText></statusText>
  <lastSuccessEndTime>2025-10-16T09:04:56.0215087Z</lastSuccessEndTime>
  <receivedTime>2025-10-16T09:04:48.730296Z</receivedTime>
  <startTime>2025-10-16T09:04:49.1521344Z</startTime>
  <endTime>2025-10-16T09:04:56.0215087Z</endTime>
  <complete>True</complete>
  <is_temp>False</is_temp>
  <is_readonly>True</is_readonly>
  <project_type>BASIC</project_type>
  <vsproject_id></vsproject_id>
</deployment>