﻿<?xml version="1.0" encoding="utf-8"?>
<deployment>
  <id>c545c20b33bb45188d1d2517dc581455</id>
  <author>N/A</author>
  <deployer>ZipDeploy</deployer>
  <authorEmail>N/A</authorEmail>
  <message>Created via a push deployment</message>
  <progress></progress>
  <status>Success</status>
  <statusText></statusText>
  <lastSuccessEndTime>2025-10-15T22:45:52.5290992Z</lastSuccessEndTime>
  <receivedTime>2025-10-15T22:45:41.5106693Z</receivedTime>
  <startTime>2025-10-15T22:45:41.7606459Z</startTime>
  <endTime>2025-10-15T22:45:52.5290992Z</endTime>
  <complete>True</complete>
  <is_temp>False</is_temp>
  <is_readonly>True</is_readonly>
  <project_type>BASIC</project_type>
  <vsproject_id></vsproject_id>
</deployment>