﻿<?xml version="1.0" encoding="utf-8"?>
<deployment>
  <id>22cf869c153d45dea1c793cec368fd52</id>
  <author>N/A</author>
  <deployer>ZipDeploy</deployer>
  <authorEmail>N/A</authorEmail>
  <message>Created via a push deployment</message>
  <progress></progress>
  <status>Success</status>
  <statusText></statusText>
  <lastSuccessEndTime>2025-10-15T22:04:22.8804659Z</lastSuccessEndTime>
  <receivedTime>2025-10-15T22:04:15.1680452Z</receivedTime>
  <startTime>2025-10-15T22:04:15.4000167Z</startTime>
  <endTime>2025-10-15T22:04:22.8804659Z</endTime>
  <complete>True</complete>
  <is_temp>False</is_temp>
  <is_readonly>True</is_readonly>
  <project_type>BASIC</project_type>
  <vsproject_id></vsproject_id>
</deployment>