<step title="Incoming Request" date="2025-10-15T22:04:13.962" instance="c41bc2" url="/api/zipdeploy?isAsync=true" method="POST" type="request" pid="6356,2,9" Cache-Control="no-cache" Content-Length="2256181" Content-Type="application/octet-stream" Accept="*/*" Accept-Encoding="gzip, deflate" Authorization="Bea..." Host="deadlock-demo-app.scm.azurewebsites.net" User-Agent="AZURECLI/2.70.0 (MSI)" x-ms-client-request-id="dcf3c797-aa12-11f0-b66b-8038fb0f4edd" X-ARR-LOG-ID="dcf3c797-aa12-11f0-b66b-8038fb0f4edd" CLIENT-IP="45.147.205.239:14889" X-SITE-DEPLOYMENT-ID="deadlock-demo-app" WAS-DEFAULT-HOSTNAME="deadlock-demo-app.scm.azurewebsites.net" X-Forwarded-Proto="https" X-AppService-Proto="https" X-Forwarded-TlsVersion="1.3" X-WAWS-Unencoded-URL="/api/zipdeploy?isAsync=true" >
  <step title="Cleanup Xml Logs" date="2025-10-15T22:04:13.979" /><!-- duration: 0ms -->
  <step title="ZipPushDeploy" date="2025-10-15T22:04:13.993" >
    <step title="ZipDeploy. Extract zip. " date="2025-10-15T22:04:13.993" /><!-- duration: 0ms -->
    <step title="Starting PushDeployAsync" date="2025-10-15T22:04:14.025" /><!-- duration: 0ms -->
    <step title="Updating shutdown sentinel last write time" date="2025-10-15T22:04:14.040" SemaphoreCount="7" /><!-- duration: 0ms -->
    <step title="LockFile &apos;C:\home\site\locks\deployments.lock&apos; acquired" date="2025-10-15T22:04:14.104" /><!-- duration: 0ms -->
    <step title="Saving request content to C:\local\Temp\zipdeploy\puk5bej0.zip" date="2025-10-15T22:04:14.104" >
      <step title="Total 2,256,181 bytes written to C:\local\Temp\zipdeploy\puk5bej0.zip" date="2025-10-15T22:04:14.153" /><!-- duration: 0ms -->
    </step><!-- duration: 61ms -->
    <step title="LockFile &apos;C:\home\site\locks\deployments.lock&apos; released" date="2025-10-15T22:04:14.165" /><!-- duration: 0ms -->
    <step title="Deleting shutdown sentinel file" date="2025-10-15T22:04:14.165" SemaphoreCount="8" /><!-- duration: 0ms -->
    <step title="Starting FetchDeploy" date="2025-10-15T22:04:14.181" /><!-- duration: 0ms -->
    <step title="Start deployment in the background" date="2025-10-15T22:04:14.181" /><!-- duration: 63ms -->
  </step><!-- duration: 266ms -->
  <step title="Outgoing response" date="2025-10-15T22:04:14.259" type="response" statusCode="202" statusText="Accepted" Server="Microsoft-IIS/10.0" x-ms-request-id="dcf3c797-aa12-11f0-b66b-8038fb0f4edd" Retry-After="30" Cache-Control="private" X-AspNet-Version="4.0.30319" Location="https://deadlock-demo-app.scm.azurewebsites.net/api/deployments/latest?deployer=ZipDeploy&amp;time=2025-10-15_22-04-14Z" /><!-- duration: 0ms -->
</step><!-- duration: 317ms -->
