<step title="Incoming Request" date="2025-10-15T22:42:13.227" instance="c41bc2" url="/api/zipdeploy?isAsync=true" method="POST" type="request" pid="5028,2,7" Cache-Control="no-cache" Connection="Keep-Alive" Content-Length="2272053" Content-Type="application/octet-stream" Accept="*/*" Accept-Encoding="gzip, deflate" Authorization="Bea..." Host="deadlock-demo-app.scm.azurewebsites.net" User-Agent="AZURECLI/2.70.0 (MSI)" x-ms-client-request-id="27de49d6-aa18-11f0-b161-8038fb0f4edd" X-ARR-LOG-ID="27de49d6-aa18-11f0-b161-8038fb0f4edd" CLIENT-IP="45.147.205.239:15101" X-SITE-DEPLOYMENT-ID="deadlock-demo-app" WAS-DEFAULT-HOSTNAME="deadlock-demo-app.scm.azurewebsites.net" X-Forwarded-Proto="https" X-AppService-Proto="https" X-Forwarded-TlsVersion="1.3" X-WAWS-Unencoded-URL="/api/zipdeploy?isAsync=true" X-MS-COLDSTART="1" >
  <step title="ZipPushDeploy" date="2025-10-15T22:42:15.681" >
    <step title="ZipDeploy. Extract zip. " date="2025-10-15T22:42:15.761" /><!-- duration: 0ms -->
    <step title="Starting PushDeployAsync" date="2025-10-15T22:42:15.774" /><!-- duration: 17ms -->
    <step title="Updating shutdown sentinel last write time" date="2025-10-15T22:42:15.993" SemaphoreCount="7" /><!-- duration: 18ms -->
    <step title="LockFile &apos;C:\home\site\locks\deployments.lock&apos; acquired" date="2025-10-15T22:42:16.011" /><!-- duration: 13ms -->
    <step title="Saving request content to C:\local\Temp\zipdeploy\np0j05he.zip" date="2025-10-15T22:42:16.041" >
      <step title="Total 2,272,053 bytes written to C:\local\Temp\zipdeploy\np0j05he.zip" date="2025-10-15T22:42:16.196" /><!-- duration: 0ms -->
    </step><!-- duration: 171ms -->
    <step title="LockFile &apos;C:\home\site\locks\deployments.lock&apos; released" date="2025-10-15T22:42:16.212" /><!-- duration: 15ms -->
    <step title="Deleting shutdown sentinel file" date="2025-10-15T22:42:16.243" SemaphoreCount="8" /><!-- duration: 0ms -->
    <step title="Starting FetchDeploy" date="2025-10-15T22:42:16.258" /><!-- duration: 0ms -->
    <step title="Start deployment in the background" date="2025-10-15T22:42:16.258" /><!-- duration: 271ms -->
  </step><!-- duration: 859ms -->
  <step title="Outgoing response" date="2025-10-15T22:42:16.807" type="response" statusCode="202" statusText="Accepted" Server="Microsoft-IIS/10.0" x-ms-request-id="27de49d6-aa18-11f0-b161-8038fb0f4edd" Retry-After="30" Cache-Control="private" X-AspNet-Version="4.0.30319" Location="https://deadlock-demo-app.scm.azurewebsites.net/api/deployments/latest?deployer=ZipDeploy&amp;time=2025-10-15_22-42-16Z" /><!-- duration: 0ms -->
</step><!-- duration: 3594ms -->
