<step title="Incoming Request" date="2025-10-15T21:51:01.847" instance="c41bc2" url="/api/zipdeploy?isAsync=true" method="POST" type="request" pid="6356,2,7" Cache-Control="no-cache" Connection="Keep-Alive" Content-Length="2244422" Content-Type="application/octet-stream" Accept="*/*" Accept-Encoding="gzip, deflate" Authorization="Bea..." Host="deadlock-demo-app.scm.azurewebsites.net" User-Agent="AZURECLI/2.70.0 (MSI)" x-ms-client-request-id="020b62dc-aa11-11f0-851f-8038fb0f4edd" X-ARR-LOG-ID="020b62dc-aa11-11f0-851f-8038fb0f4edd" CLIENT-IP="45.147.205.239:15757" X-SITE-DEPLOYMENT-ID="deadlock-demo-app" WAS-DEFAULT-HOSTNAME="deadlock-demo-app.scm.azurewebsites.net" X-Forwarded-Proto="https" X-AppService-Proto="https" X-Forwarded-TlsVersion="1.3" X-WAWS-Unencoded-URL="/api/zipdeploy?isAsync=true" X-MS-COLDSTART="1" >
  <step title="ZipPushDeploy" date="2025-10-15T21:51:04.176" >
    <step title="ZipDeploy. Extract zip. " date="2025-10-15T21:51:04.316" /><!-- duration: 0ms -->
    <step title="Starting PushDeployAsync" date="2025-10-15T21:51:04.488" /><!-- duration: 49ms -->
    <step title="Updating shutdown sentinel last write time" date="2025-10-15T21:51:04.818" SemaphoreCount="7" /><!-- duration: 30ms -->
    <step title="LockFile &apos;C:\home\site\locks\deployments.lock&apos; acquired" date="2025-10-15T21:51:04.878" /><!-- duration: 20ms -->
    <step title="Saving request content to C:\local\Temp\zipdeploy\es2in51c.zip" date="2025-10-15T21:51:04.910" >
      <step title="Total 2,244,422 bytes written to C:\local\Temp\zipdeploy\es2in51c.zip" date="2025-10-15T21:51:05.378" /><!-- duration: 18ms -->
    </step><!-- duration: 537ms -->
    <step title="LockFile &apos;C:\home\site\locks\deployments.lock&apos; released" date="2025-10-15T21:51:05.550" /><!-- duration: 16ms -->
    <step title="Deleting shutdown sentinel file" date="2025-10-15T21:51:05.677" SemaphoreCount="8" /><!-- duration: 60ms -->
    <step title="Starting FetchDeploy" date="2025-10-15T21:51:05.816" /><!-- duration: 19ms -->
    <step title="Start deployment in the background" date="2025-10-15T21:51:05.847" >
      <step title="Starting LocalZipFetch" date="2025-10-15T21:51:06.347" /><!-- duration: 16ms -->
    </step><!-- duration: 953ms -->
  </step><!-- duration: 2625ms -->
  <step title="Outgoing response" date="2025-10-15T21:51:07.865" type="response" statusCode="202" statusText="Accepted" Server="Microsoft-IIS/10.0" x-ms-request-id="020b62dc-aa11-11f0-851f-8038fb0f4edd" Retry-After="30" Cache-Control="private" X-AspNet-Version="4.0.30319" Location="https://deadlock-demo-app.scm.azurewebsites.net/api/deployments/latest?deployer=ZipDeploy&amp;time=2025-10-15_21-51-06Z" /><!-- duration: 60ms -->
</step><!-- duration: 6078ms -->
