<step title="Incoming Request" date="2025-10-15T22:45:37.838" instance="c41bc2" url="/api/zipdeploy?isAsync=true" method="POST" type="request" pid="3904,2,7" Cache-Control="no-cache" Content-Length="2299256" Content-Type="application/octet-stream" Accept="*/*" Accept-Encoding="gzip, deflate" Authorization="Bea..." Host="deadlock-demo-app.scm.azurewebsites.net" User-Agent="AZURECLI/2.70.0 (MSI)" x-ms-client-request-id="a336b241-aa18-11f0-91af-8038fb0f4edd" X-ARR-LOG-ID="a336b241-aa18-11f0-91af-8038fb0f4edd" CLIENT-IP="45.147.205.239:15916" X-SITE-DEPLOYMENT-ID="deadlock-demo-app" WAS-DEFAULT-HOSTNAME="deadlock-demo-app.scm.azurewebsites.net" X-Forwarded-Proto="https" X-AppService-Proto="https" X-Forwarded-TlsVersion="1.3" X-WAWS-Unencoded-URL="/api/zipdeploy?isAsync=true" >
  <step title="ZipPushDeploy" date="2025-10-15T22:45:39.122" >
    <step title="ZipDeploy. Extract zip. " date="2025-10-15T22:45:39.213" /><!-- duration: 31ms -->
    <step title="Starting PushDeployAsync" date="2025-10-15T22:45:39.262" /><!-- duration: 0ms -->
    <step title="Updating shutdown sentinel last write time" date="2025-10-15T22:45:39.479" SemaphoreCount="7" /><!-- duration: 19ms -->
    <step title="LockFile &apos;C:\home\site\locks\deployments.lock&apos; acquired" date="2025-10-15T22:45:39.498" /><!-- duration: 12ms -->
    <step title="Saving request content to C:\local\Temp\zipdeploy\hfdhgcmk.zip" date="2025-10-15T22:45:39.510" >
      <step title="Total 2,299,256 bytes written to C:\local\Temp\zipdeploy\hfdhgcmk.zip" date="2025-10-15T22:45:39.698" /><!-- duration: 16ms -->
    </step><!-- duration: 203ms -->
    <step title="LockFile &apos;C:\home\site\locks\deployments.lock&apos; released" date="2025-10-15T22:45:39.713" /><!-- duration: 16ms -->
    <step title="Deleting shutdown sentinel file" date="2025-10-15T22:45:39.729" SemaphoreCount="8" /><!-- duration: 0ms -->
    <step title="Starting FetchDeploy" date="2025-10-15T22:45:39.744" /><!-- duration: 18ms -->
    <step title="Start deployment in the background" date="2025-10-15T22:45:39.763" /><!-- duration: 216ms -->
  </step><!-- duration: 857ms -->
  <step title="Outgoing response" date="2025-10-15T22:45:40.198" type="response" statusCode="202" statusText="Accepted" Server="Microsoft-IIS/10.0" x-ms-request-id="a336b241-aa18-11f0-91af-8038fb0f4edd" Retry-After="30" Cache-Control="private" X-AspNet-Version="4.0.30319" Location="https://deadlock-demo-app.scm.azurewebsites.net/api/deployments/latest?deployer=ZipDeploy&amp;time=2025-10-15_22-45-39Z" /><!-- duration: 31ms -->
</step><!-- duration: 2422ms -->
