<step title="BackgroundTrace" date="2025-10-15T20:36:41.041" instance="2b11e6" url="/api/zipdeploy" method="POST" >
  <step title="Updating shutdown sentinel last write time" date="2025-10-15T20:36:41.166" SemaphoreCount="7" /><!-- duration: 16ms -->
  <step title="LockFile &apos;C:\home\site\locks\deployments.lock&apos; acquired" date="2025-10-15T20:36:41.182" /><!-- duration: 0ms -->
  <step title="Creating temporary deployment" date="2025-10-15T20:36:41.197" /><!-- duration: 156ms -->
  <step title="Performing fetch based deployment" date="2025-10-15T20:36:41.386" >
    <step title="Fetching changes." date="2025-10-15T20:36:41.933" /><!-- duration: 14ms -->
    <step title="Starting LocalZipHandler" date="2025-10-15T20:36:41.947" /><!-- duration: 19ms -->
    <step title="Cleaning up temp folders from previous zip deployments and extracting pushed zip file C:\local\Temp\zipdeploy\jg4j1qfw.zip (2.11 MB) to C:\local\Temp\zipdeploy\extracted" date="2025-10-15T20:36:41.995" /><!-- duration: 0ms -->
    <step title="Cleaning up temp folders from previous zip deployments and extracting pushed zip file C:\local\Temp\zipdeploy\jg4j1qfw.zip (2.11 MB) to C:\local\Temp\zipdeploy\extracted" date="2025-10-15T20:36:42.010" >
      <step title="Extracting 40 entries to C:\local\Temp\zipdeploy\extracted directory" date="2025-10-15T20:36:42.072" >
        <step title="Extracting to C:\local\Temp\zipdeploy\extracted\runtimes\unix\lib\net6.0\System.Drawing.Common.dll ..." date="2025-10-15T20:36:42.107" /><!-- duration: 75ms -->
        <step title="Extracting to C:\local\Temp\zipdeploy\extracted\runtimes\win\lib\net6.0\Microsoft.Win32.SystemEvents.dll ..." date="2025-10-15T20:36:42.201" /><!-- duration: 12ms -->
        <step title="Extracting to C:\local\Temp\zipdeploy\extracted\runtimes\win\lib\net6.0\System.Diagnostics.PerformanceCounter.dll ..." date="2025-10-15T20:36:42.213" /><!-- duration: 16ms -->
        <step title="Extracting to C:\local\Temp\zipdeploy\extracted\runtimes\win\lib\net6.0\System.Drawing.Common.dll ..." date="2025-10-15T20:36:42.229" /><!-- duration: 47ms -->
        <step title="Extracting to C:\local\Temp\zipdeploy\extracted\runtimes\win\lib\net6.0\System.Security.Cryptography.ProtectedData.dll ..." date="2025-10-15T20:36:42.295" /><!-- duration: 11ms -->
        <step title="Omitting extracting file traces ..." date="2025-10-15T20:36:42.307" /><!-- duration: 31ms -->
        <step title="Extracting to C:\local\Temp\zipdeploy\extracted\web.config ..." date="2025-10-15T20:36:42.812" /><!-- duration: 58ms -->
      </step><!-- duration: 817ms -->
    </step><!-- duration: 891ms -->
    <step title="Before sending BuildRequestReceived status to /api/updatedeploystatus" date="2025-10-15T20:36:42.918" /><!-- duration: 14ms -->
    <step title="DeploymentManager.Deploy(id:2cf318b0a00148adbeba985098db0af6)" date="2025-10-15T20:36:42.947" >
      <step title="Collecting changeset information" date="2025-10-15T20:36:42.979" /><!-- duration: 96ms -->
      <step title="Updating submodules" date="2025-10-15T20:36:43.088" >
        <step title="Updating submodules." date="2025-10-15T20:36:43.135" /><!-- duration: 0ms -->
      </step><!-- duration: 47ms -->
      <step title="Preparing deployment for commit id &apos;2cf318b0a0&apos;." date="2025-10-15T20:36:43.213" /><!-- duration: 0ms -->
      <step title="Determining deployment builder" date="2025-10-15T20:36:43.260" >
        <step title="Builder is BasicBuilder" date="2025-10-15T20:36:43.291" /><!-- duration: 0ms -->
      </step><!-- duration: 51ms -->
      <step title="Copying SSH keys" date="2025-10-15T20:36:43.339" /><!-- duration: 0ms -->
      <step title="Building" date="2025-10-15T20:36:43.369" >
        <step title="Generating deployment script." date="2025-10-15T20:36:43.400" /><!-- duration: 16ms -->
        <step title="Generating deployment script" date="2025-10-15T20:36:43.416" >
          <step title="Using the following command to generate deployment script: &apos;azure site deploymentscript -y --no-dot-deployment -r &quot;C:\local\Temp\zipdeploy\extracted&quot; -o &quot;C:\home\site\deployments\tools&quot; --basic --sitePath &quot;C:\local\Temp\zipdeploy\extracted&quot;&apos;." date="2025-10-15T20:36:43.666" /><!-- duration: 16ms -->
          <step title="Executing external process" date="2025-10-15T20:36:43.700" type="process" path="starter.cmd" arguments="&quot;C:\Program Files (x86)\SiteExtensions\Kudu\2025.09.1.1\bin\node_modules\.bin\kuduscript.cmd&quot; -y --no-dot-deployment -r &quot;C:\local\Temp\zipdeploy\extracted&quot; -o &quot;C:\home\site\deployments\tools&quot; --basic --sitePath &quot;C:\local\Temp\zipdeploy\extracted&quot;" >
            <step title="Generating deployment script for Web Site" date="2025-10-15T20:36:45.855" /><!-- duration: 14ms -->
          </step><!-- duration: 2169ms -->
          <step title="Saved cached version of the deployment script for command -y --no-dot-deployment -r &quot;C:\local\Temp\zipdeploy\extracted&quot; -o &quot;C:\home\site\deployments\tools&quot; --basic --sitePath &quot;C:\local\Temp\zipdeploy\extracted&quot;" date="2025-10-15T20:36:45.885" /><!-- duration: 0ms -->
        </step><!-- duration: 2484ms -->
        <step title="Running deployment command..." date="2025-10-15T20:36:45.996" /><!-- duration: 14ms -->
        <step title="Command: &quot;C:\home\site\deployments\tools\deploy.cmd&quot;" date="2025-10-15T20:36:46.010" /><!-- duration: 0ms -->
        <step title="Executing external process" date="2025-10-15T20:36:46.044" type="process" path="starter.cmd" arguments="&quot;C:\home\site\deployments\tools\deploy.cmd&quot;" >
          <step title="Handling Basic Web Site deployment." date="2025-10-15T20:36:48.713" /><!-- duration: 0ms -->
          <step title="Creating app_offline.htm" date="2025-10-15T20:36:48.966" /><!-- duration: 13ms -->
          <step title="KuduSync.NET from: &apos;C:\local\Temp\zipdeploy\extracted&apos; to: &apos;C:\home\site\wwwroot&apos;" date="2025-10-15T20:36:48.979" /><!-- duration: 0ms -->
          <step title="Deleting file: &apos;hostingstart.html&apos;" date="2025-10-15T20:36:48.995" /><!-- duration: 0ms -->
          <step title="Copying file: &apos;appsettings.Development.json&apos;" date="2025-10-15T20:36:49.014" /><!-- duration: 0ms -->
          <step title="Copying file: &apos;appsettings.json&apos;" date="2025-10-15T20:36:49.026" /><!-- duration: 0ms -->
          <step title="Copying file: &apos;appsettings.Production.json&apos;" date="2025-10-15T20:36:49.026" /><!-- duration: 16ms -->
          <step title="Copying file: &apos;DeadlockApp.deps.json&apos;" date="2025-10-15T20:36:49.041" /><!-- duration: 0ms -->
          <step title="Copying file: &apos;DeadlockApp.dll&apos;" date="2025-10-15T20:36:49.057" /><!-- duration: 16ms -->
          <step title="Copying file: &apos;DeadlockApp.exe&apos;" date="2025-10-15T20:36:49.090" /><!-- duration: 0ms -->
          <step title="Copying file: &apos;DeadlockApp.pdb&apos;" date="2025-10-15T20:36:49.104" /><!-- duration: 16ms -->
          <step title="Copying file: &apos;DeadlockApp.runtimeconfig.json&apos;" date="2025-10-15T20:36:49.137" /><!-- duration: 0ms -->
          <step title="Copying file: &apos;DeadlockApp.staticwebassets.endpoints.json&apos;" date="2025-10-15T20:36:49.151" /><!-- duration: 16ms -->
          <step title="Copying file: &apos;Microsoft.AI.DependencyCollector.dll&apos;" date="2025-10-15T20:36:49.200" /><!-- duration: 0ms -->
          <step title="Copying file: &apos;Microsoft.AI.EventCounterCollector.dll&apos;" date="2025-10-15T20:36:49.213" /><!-- duration: 16ms -->
          <step title="Copying file: &apos;Microsoft.AI.PerfCounterCollector.dll&apos;" date="2025-10-15T20:36:49.276" /><!-- duration: 18ms -->
          <step title="Copying file: &apos;Microsoft.AI.ServerTelemetryChannel.dll&apos;" date="2025-10-15T20:36:49.322" /><!-- duration: 17ms -->
          <step title="Copying file: &apos;Microsoft.AI.WindowsServer.dll&apos;" date="2025-10-15T20:36:49.369" /><!-- duration: 0ms -->
          <step title="Copying file: &apos;Microsoft.ApplicationInsights.AspNetCore.dll&apos;" date="2025-10-15T20:36:49.387" /><!-- duration: 14ms -->
          <step title="Copying file: &apos;Microsoft.ApplicationInsights.dll&apos;" date="2025-10-15T20:36:49.416" /><!-- duration: 0ms -->
          <step title="Copying file: &apos;Microsoft.AspNetCore.OpenApi.dll&apos;" date="2025-10-15T20:36:49.435" /><!-- duration: 29ms -->
          <step title="Copying file: &apos;Microsoft.Extensions.Logging.ApplicationInsights.dll&apos;" date="2025-10-15T20:36:49.479" /><!-- duration: 0ms -->
          <step title="Copying file: &apos;Microsoft.OpenApi.dll&apos;" date="2025-10-15T20:36:49.604" /><!-- duration: 0ms -->
          <step title="Copying file: &apos;Microsoft.Win32.SystemEvents.dll&apos;" date="2025-10-15T20:36:49.635" /><!-- duration: 0ms -->
          <step title="Copying file: &apos;Swashbuckle.AspNetCore.Swagger.dll&apos;" date="2025-10-15T20:36:49.666" /><!-- duration: 18ms -->
          <step title="Copying file: &apos;Swashbuckle.AspNetCore.SwaggerGen.dll&apos;" date="2025-10-15T20:36:49.713" /><!-- duration: 19ms -->
          <step title="Copying file: &apos;Swashbuckle.AspNetCore.SwaggerUI.dll&apos;" date="2025-10-15T20:36:49.744" /><!-- duration: 0ms -->
          <step title="Copying file: &apos;System.Configuration.ConfigurationManager.dll&apos;" date="2025-10-15T20:36:49.761" /><!-- duration: 0ms -->
          <step title="Copying file: &apos;System.Diagnostics.PerformanceCounter.dll&apos;" date="2025-10-15T20:36:49.887" /><!-- duration: 13ms -->
          <step title="Copying file: &apos;System.Drawing.Common.dll&apos;" date="2025-10-15T20:36:49.916" /><!-- duration: 0ms -->
          <step title="Copying file: &apos;System.Security.Cryptography.ProtectedData.dll&apos;" date="2025-10-15T20:36:49.935" /><!-- duration: 0ms -->
          <step title="Copying file: &apos;System.Security.Permissions.dll&apos;" date="2025-10-15T20:36:49.947" /><!-- duration: 16ms -->
          <step title="Copying file: &apos;System.Windows.Extensions.dll&apos;" date="2025-10-15T20:36:49.982" /><!-- duration: 28ms -->
          <step title="Copying file: &apos;runtimes\unix\lib\net6.0\System.Drawing.Common.dll&apos;" date="2025-10-15T20:36:50.077" /><!-- duration: 0ms -->
          <step title="Copying file: &apos;runtimes\win\lib\net6.0\Microsoft.Win32.SystemEvents.dll&apos;" date="2025-10-15T20:36:50.119" /><!-- duration: 16ms -->
          <step title="Copying file: &apos;runtimes\win\lib\net6.0\System.Diagnostics.PerformanceCounter.dll&apos;" date="2025-10-15T20:36:50.153" /><!-- duration: 0ms -->
          <step title="Copying file: &apos;runtimes\win\lib\net6.0\System.Drawing.Common.dll&apos;" date="2025-10-15T20:36:50.166" /><!-- duration: 16ms -->
          <step title="Copying file: &apos;runtimes\win\lib\net6.0\System.Security.Cryptography.ProtectedData.dll&apos;" date="2025-10-15T20:36:50.201" /><!-- duration: 12ms -->
          <step title="Copying file: &apos;runtimes\win\lib\net6.0\System.Windows.Extensions.dll&apos;" date="2025-10-15T20:36:50.230" /><!-- duration: 14ms -->
          <step title="Copying file: &apos;web.config&apos;" date="2025-10-15T20:36:50.326" /><!-- duration: 12ms -->
          <step title="Deleting app_offline.htm" date="2025-10-15T20:36:50.369" /><!-- duration: 16ms -->
          <step title="Finished successfully." date="2025-10-15T20:36:50.401" /><!-- duration: 0ms -->
        </step><!-- duration: 4374ms -->
        <step title="Running post deployment command(s)..." date="2025-10-15T20:36:50.744" /><!-- duration: 0ms -->
        <step title="Triggering recycle (preview mode disabled)." date="2025-10-15T20:36:50.854" /><!-- duration: 0ms -->
        <step title="Ignoring FS watcher based recycle request as this is a classic Windows app." date="2025-10-15T20:36:50.885" /><!-- duration: 0ms -->
        <step title="Deployment successful. DEPLOYMENTINFO: deploymentPath = ZipDeploy. Extract zip. , deployer = ZipDeploy, os = windows, sku = Standard, siteName = deadlock-demo-app, siteHostName = deadlock-demo-app.azurewebsites.net, deploymentStatus = Success" date="2025-10-15T20:36:50.963" /><!-- duration: 0ms -->
      </step><!-- duration: 7766ms -->
    </step><!-- duration: 8219ms -->
    <step title="Cleaning up temp files" date="2025-10-15T20:36:51.166" /><!-- duration: 0ms -->
    <step title="Skip function trigger and logicapp sync because function is not enabled." date="2025-10-15T20:36:51.197" /><!-- duration: 0ms -->
  </step><!-- duration: 9842ms -->
  <step title="LockFile &apos;C:\home\site\locks\deployments.lock&apos; released" date="2025-10-15T20:36:51.229" /><!-- duration: 16ms -->
  <step title="Deleting shutdown sentinel file" date="2025-10-15T20:36:51.244" SemaphoreCount="8" /><!-- duration: 0ms -->
</step><!-- duration: 10203ms -->
