<step title="BackgroundTrace" date="2025-10-15T22:45:39.763" instance="c41bc2" url="/api/zipdeploy" method="POST" >
  <step title="Updating shutdown sentinel last write time" date="2025-10-15T22:45:39.793" SemaphoreCount="7" /><!-- duration: 0ms -->
  <step title="LockFile &apos;C:\home\site\locks\deployments.lock&apos; acquired" date="2025-10-15T22:45:39.793" /><!-- duration: 14ms -->
  <step title="Creating temporary deployment" date="2025-10-15T22:45:39.807" /><!-- duration: 141ms -->
  <step title="Performing fetch based deployment" date="2025-10-15T22:45:39.979" >
    <step title="Fetching changes." date="2025-10-15T22:45:40.309" /><!-- duration: 14ms -->
    <step title="Starting LocalZipHandler" date="2025-10-15T22:45:40.339" /><!-- duration: 0ms -->
    <step title="Cleaning up temp folders from previous zip deployments and extracting pushed zip file C:\local\Temp\zipdeploy\hfdhgcmk.zip (2.19 MB) to C:\local\Temp\zipdeploy\extracted" date="2025-10-15T22:45:40.389" /><!-- duration: 12ms -->
    <step title="Cleaning up temp folders from previous zip deployments and extracting pushed zip file C:\local\Temp\zipdeploy\hfdhgcmk.zip (2.19 MB) to C:\local\Temp\zipdeploy\extracted" date="2025-10-15T22:45:40.419" >
      <step title="Renaming extractTargetDirectory(C:\local\Temp\zipdeploy\extracted) to tempDirectory(C:\local\Temp\zipdeploy\smpy1c2g.3lp)" date="2025-10-15T22:45:40.419" /><!-- duration: 13ms -->
      <step title="Extracting 89 entries to C:\local\Temp\zipdeploy\extracted directory" date="2025-10-15T22:45:40.666" >
        <step title="Extracting to C:\local\Temp\zipdeploy\extracted\publish\appsettings.Development.json ..." date="2025-10-15T22:45:40.715" /><!-- duration: 60ms -->
        <step title="Extracting to C:\local\Temp\zipdeploy\extracted\publish\appsettings.json ..." date="2025-10-15T22:45:40.795" /><!-- duration: 12ms -->
        <step title="Extracting to C:\local\Temp\zipdeploy\extracted\publish\appsettings.Production.json ..." date="2025-10-15T22:45:40.807" /><!-- duration: 18ms -->
        <step title="Extracting to C:\local\Temp\zipdeploy\extracted\publish\DeadlockApp.deps.json ..." date="2025-10-15T22:45:40.825" /><!-- duration: 13ms -->
        <step title="Extracting to C:\local\Temp\zipdeploy\extracted\publish\DeadlockApp.runtimeconfig.json ..." date="2025-10-15T22:45:40.838" /><!-- duration: 17ms -->
        <step title="Omitting extracting file traces ..." date="2025-10-15T22:45:40.874" /><!-- duration: 0ms -->
        <step title="Extracting to C:\local\Temp\zipdeploy\extracted\web.config ..." date="2025-10-15T22:45:41.420" /><!-- duration: 12ms -->
      </step><!-- duration: 766ms -->
    </step><!-- duration: 1031ms -->
    <step title="Before sending BuildRequestReceived status to /api/updatedeploystatus" date="2025-10-15T22:45:41.463" /><!-- duration: 17ms -->
    <step title="DeploymentManager.Deploy(id:c545c20b33bb45188d1d2517dc581455)" date="2025-10-15T22:45:41.500" >
      <step title="Collecting changeset information" date="2025-10-15T22:45:41.510" /><!-- duration: 62ms -->
      <step title="Updating submodules" date="2025-10-15T22:45:41.573" >
        <step title="Updating submodules." date="2025-10-15T22:45:41.651" /><!-- duration: 0ms -->
      </step><!-- duration: 94ms -->
      <step title="Preparing deployment for commit id &apos;c545c20b33&apos;." date="2025-10-15T22:45:41.745" /><!-- duration: 0ms -->
      <step title="Determining deployment builder" date="2025-10-15T22:45:41.791" >
        <step title="Builder is BasicBuilder" date="2025-10-15T22:45:41.825" /><!-- duration: 13ms -->
      </step><!-- duration: 47ms -->
      <step title="Copying SSH keys" date="2025-10-15T22:45:41.875" /><!-- duration: 10ms -->
      <step title="Building" date="2025-10-15T22:45:41.885" >
        <step title="Generating deployment script." date="2025-10-15T22:45:41.963" /><!-- duration: 0ms -->
        <step title="Generating deployment script" date="2025-10-15T22:45:41.963" >
          <step title="Using cached version of the deployment script for command: -y --no-dot-deployment -r &quot;C:\local\Temp\zipdeploy\extracted&quot; -o &quot;C:\home\site\deployments\tools&quot; --basic --sitePath &quot;C:\local\Temp\zipdeploy\extracted&quot;" date="2025-10-15T22:45:42.125" /><!-- duration: 10ms -->
          <step title="Using cached version of deployment script (command: &apos;azure -y --no-dot-deployment -r &quot;C:\local\Temp\zipdeploy\extracted&quot; -o &quot;C:\home\site\deployments\tools&quot; --basic --sitePath &quot;C:\local\Temp\zipdeploy\extracted&quot;&apos;)." date="2025-10-15T22:45:42.166" /><!-- duration: 0ms -->
        </step><!-- duration: 222ms -->
        <step title="Running deployment command..." date="2025-10-15T22:45:42.276" /><!-- duration: 0ms -->
        <step title="Command: &quot;C:\home\site\deployments\tools\deploy.cmd&quot;" date="2025-10-15T22:45:42.307" /><!-- duration: 0ms -->
        <step title="Executing external process" date="2025-10-15T22:45:42.903" type="process" path="starter.cmd" arguments="&quot;C:\home\site\deployments\tools\deploy.cmd&quot;" >
          <step title="Handling Basic Web Site deployment." date="2025-10-15T22:45:47.185" /><!-- duration: 18ms -->
          <step title="Creating app_offline.htm" date="2025-10-15T22:45:47.466" /><!-- duration: 48ms -->
          <step title="KuduSync.NET from: &apos;C:\local\Temp\zipdeploy\extracted&apos; to: &apos;C:\home\site\wwwroot&apos;" date="2025-10-15T22:45:47.655" /><!-- duration: 79ms -->
          <step title="Copying file: &apos;DeadlockApp.deps.json&apos;" date="2025-10-15T22:45:47.888" /><!-- duration: 95ms -->
          <step title="Copying file: &apos;DeadlockApp.dll&apos;" date="2025-10-15T22:45:48.232" /><!-- duration: 141ms -->
          <step title="Copying file: &apos;DeadlockApp.exe&apos;" date="2025-10-15T22:45:48.609" /><!-- duration: 140ms -->
          <step title="Copying file: &apos;DeadlockApp.pdb&apos;" date="2025-10-15T22:45:48.908" /><!-- duration: 94ms -->
          <step title="Copying file: &apos;DeadlockApp.runtimeconfig.json&apos;" date="2025-10-15T22:45:49.141" /><!-- duration: 142ms -->
          <step title="Copying file: &apos;DeadlockApp.staticwebassets.endpoints.json&apos;" date="2025-10-15T22:45:49.482" /><!-- duration: 80ms -->
          <step title="Copying file: &apos;publish\DeadlockApp.deps.json&apos;" date="2025-10-15T22:45:49.689" /><!-- duration: 90ms -->
          <step title="Copying file: &apos;publish\DeadlockApp.runtimeconfig.json&apos;" date="2025-10-15T22:45:50.169" /><!-- duration: 78ms -->
          <step title="Copying file: &apos;publish\DeadlockApp.staticwebassets.endpoints.json&apos;" date="2025-10-15T22:45:50.437" /><!-- duration: 141ms -->
          <step title="Copying file: &apos;publish\publish\DeadlockApp.deps.json&apos;" date="2025-10-15T22:45:51.060" /><!-- duration: 98ms -->
          <step title="Copying file: &apos;publish\publish\DeadlockApp.runtimeconfig.json&apos;" date="2025-10-15T22:45:51.376" /><!-- duration: 169ms -->
          <step title="Copying file: &apos;publish\publish\DeadlockApp.staticwebassets.endpoints.json&apos;" date="2025-10-15T22:45:51.563" /><!-- duration: 0ms -->
          <step title="Copying file: &apos;publish\publish\publish\publish\publish\publish\publish\appsettings.Development.json&apos;" date="2025-10-15T22:45:51.607" /><!-- duration: 0ms -->
          <step title="Copying file: &apos;publish\publish\publish\publish\publish\publish\publish\appsettings.json&apos;" date="2025-10-15T22:45:51.623" /><!-- duration: 0ms -->
          <step title="Copying file: &apos;publish\publish\publish\publish\publish\publish\publish\appsettings.Production.json&apos;" date="2025-10-15T22:45:51.643" /><!-- duration: 11ms -->
          <step title="Copying file: &apos;publish\publish\publish\publish\publish\publish\publish\DeadlockApp.deps.json&apos;" date="2025-10-15T22:45:51.673" /><!-- duration: 30ms -->
          <step title="Copying file: &apos;publish\publish\publish\publish\publish\publish\publish\DeadlockApp.runtimeconfig.json&apos;" date="2025-10-15T22:45:51.703" /><!-- duration: 13ms -->
          <step title="Copying file: &apos;publish\publish\publish\publish\publish\publish\publish\DeadlockApp.staticwebassets.endpoints.json&apos;" date="2025-10-15T22:45:51.733" /><!-- duration: 0ms -->
          <step title="Copying file: &apos;web.config&apos;" date="2025-10-15T22:45:51.747" /><!-- duration: 16ms -->
          <step title="Copying file: &apos;publish\web.config&apos;" date="2025-10-15T22:45:51.794" /><!-- duration: 31ms -->
          <step title="Copying file: &apos;publish\publish\publish\publish\publish\publish\publish\web.config&apos;" date="2025-10-15T22:45:51.825" /><!-- duration: 18ms -->
          <step title="Deleting app_offline.htm" date="2025-10-15T22:45:51.857" /><!-- duration: 0ms -->
          <step title="Finished successfully." date="2025-10-15T22:45:51.893" /><!-- duration: 11ms -->
        </step><!-- duration: 9000ms -->
        <step title="Running post deployment command(s)..." date="2025-10-15T22:45:52.077" /><!-- duration: 0ms -->
        <step title="Triggering recycle (preview mode disabled)." date="2025-10-15T22:45:52.357" /><!-- duration: 0ms -->
        <step title="Ignoring FS watcher based recycle request as this is a classic Windows app." date="2025-10-15T22:45:52.376" /><!-- duration: 0ms -->
        <step title="Deployment successful. DEPLOYMENTINFO: deploymentPath = ZipDeploy. Extract zip. , deployer = ZipDeploy, os = windows, sku = Standard, siteName = deadlock-demo-app, siteHostName = deadlock-demo-app.azurewebsites.net, deploymentStatus = Success" date="2025-10-15T22:45:52.467" /><!-- duration: 31ms -->
      </step><!-- duration: 10846ms -->
    </step><!-- duration: 11250ms -->
    <step title="Cleaning up temp files" date="2025-10-15T22:45:52.750" /><!-- duration: 0ms -->
    <step title="Skip function trigger and logicapp sync because function is not enabled." date="2025-10-15T22:45:52.780" /><!-- duration: 0ms -->
  </step><!-- duration: 12832ms -->
  <step title="LockFile &apos;C:\home\site\locks\deployments.lock&apos; released" date="2025-10-15T22:45:52.831" /><!-- duration: 11ms -->
  <step title="Deleting shutdown sentinel file" date="2025-10-15T22:45:52.841" SemaphoreCount="8" /><!-- duration: 0ms -->
</step><!-- duration: 13098ms -->
