<step title="Incoming Request" date="2025-10-15T22:32:34.200" instance="c41bc2" url="/api/zipdeploy?isAsync=true" method="POST" type="request" pid="6356,2,45" Cache-Control="no-cache" Content-Length="2256181" Content-Type="application/octet-stream" Accept="*/*" Accept-Encoding="gzip, deflate" Authorization="Bea..." Host="deadlock-demo-app.scm.azurewebsites.net" User-Agent="AZURECLI/2.70.0 (MSI)" x-ms-client-request-id="d2b85e40-aa16-11f0-94b2-8038fb0f4edd" X-ARR-LOG-ID="d2b85e40-aa16-11f0-94b2-8038fb0f4edd" CLIENT-IP="45.147.205.239:15379" X-SITE-DEPLOYMENT-ID="deadlock-demo-app" WAS-DEFAULT-HOSTNAME="deadlock-demo-app.scm.azurewebsites.net" X-Forwarded-Proto="https" X-AppService-Proto="https" X-Forwarded-TlsVersion="1.3" X-WAWS-Unencoded-URL="/api/zipdeploy?isAsync=true" >
  <step title="Cleanup Xml Logs" date="2025-10-15T22:32:34.200" /><!-- duration: 0ms -->
  <step title="ZipPushDeploy" date="2025-10-15T22:32:34.250" >
    <step title="ZipDeploy. Extract zip. " date="2025-10-15T22:32:34.250" /><!-- duration: 12ms -->
    <step title="Starting PushDeployAsync" date="2025-10-15T22:32:34.262" /><!-- duration: 0ms -->
    <step title="Updating shutdown sentinel last write time" date="2025-10-15T22:32:34.280" SemaphoreCount="7" /><!-- duration: 0ms -->
    <step title="LockFile &apos;C:\home\site\locks\deployments.lock&apos; acquired" date="2025-10-15T22:32:34.294" /><!-- duration: 0ms -->
    <step title="Saving request content to C:\local\Temp\zipdeploy\xquzoakl.zip" date="2025-10-15T22:32:34.294" >
      <step title="Total 2,256,181 bytes written to C:\local\Temp\zipdeploy\xquzoakl.zip" date="2025-10-15T22:32:34.421" /><!-- duration: 14ms -->
    </step><!-- duration: 141ms -->
    <step title="LockFile &apos;C:\home\site\locks\deployments.lock&apos; released" date="2025-10-15T22:32:34.434" /><!-- duration: 16ms -->
    <step title="Deleting shutdown sentinel file" date="2025-10-15T22:32:34.451" SemaphoreCount="8" /><!-- duration: 0ms -->
    <step title="Starting FetchDeploy" date="2025-10-15T22:32:34.451" /><!-- duration: 0ms -->
    <step title="Start deployment in the background" date="2025-10-15T22:32:34.465" >
      <step title="Starting LocalZipFetch" date="2025-10-15T22:32:35.862" /><!-- duration: 0ms -->
    </step><!-- duration: 1738ms -->
  </step><!-- duration: 1953ms -->
  <step title="Outgoing response" date="2025-10-15T22:32:37.203" type="response" statusCode="202" statusText="Accepted" Server="Microsoft-IIS/10.0" x-ms-request-id="d2b85e40-aa16-11f0-94b2-8038fb0f4edd" Retry-After="30" Cache-Control="private" X-AspNet-Version="4.0.30319" Location="https://deadlock-demo-app.scm.azurewebsites.net/api/deployments/latest?deployer=ZipDeploy&amp;time=2025-10-15_22-32-36Z" /><!-- duration: 0ms -->
</step><!-- duration: 3019ms -->
