<step title="Incoming Request" date="2025-10-15T21:40:41.076" instance="c41bc2" url="/api/zipdeploy?isAsync=true" method="POST" type="request" pid="4760,2,7" Cache-Control="no-cache" Connection="Keep-Alive" Content-Length="2221716" Content-Type="application/octet-stream" Accept="*/*" Accept-Encoding="gzip, deflate" Authorization="Bea..." Host="deadlock-demo-app.scm.azurewebsites.net" User-Agent="AZURECLI/2.70.0 (MSI)" x-ms-client-request-id="52e11a77-aa0f-11f0-bc9d-8038fb0f4edd" X-ARR-LOG-ID="52e11a77-aa0f-11f0-bc9d-8038fb0f4edd" CLIENT-IP="45.147.205.239:15050" X-SITE-DEPLOYMENT-ID="deadlock-demo-app" WAS-DEFAULT-HOSTNAME="deadlock-demo-app.scm.azurewebsites.net" X-Forwarded-Proto="https" X-AppService-Proto="https" X-Forwarded-TlsVersion="1.3" X-WAWS-Unencoded-URL="/api/zipdeploy?isAsync=true" X-MS-COLDSTART="1" >
  <step title="ZipPushDeploy" date="2025-10-15T21:40:43.887" >
    <step title="ZipDeploy. Extract zip. " date="2025-10-15T21:40:43.949" /><!-- duration: 0ms -->
    <step title="Starting PushDeployAsync" date="2025-10-15T21:40:43.965" /><!-- duration: 0ms -->
    <step title="Updating shutdown sentinel last write time" date="2025-10-15T21:40:44.382" SemaphoreCount="7" /><!-- duration: 0ms -->
    <step title="LockFile &apos;C:\home\site\locks\deployments.lock&apos; acquired" date="2025-10-15T21:40:44.382" /><!-- duration: 16ms -->
    <step title="Saving request content to C:\local\Temp\zipdeploy\d41rwll1.zip" date="2025-10-15T21:40:44.398" >
      <step title="Total 2,221,716 bytes written to C:\local\Temp\zipdeploy\d41rwll1.zip" date="2025-10-15T21:40:44.558" /><!-- duration: 0ms -->
    </step><!-- duration: 172ms -->
    <step title="LockFile &apos;C:\home\site\locks\deployments.lock&apos; released" date="2025-10-15T21:40:44.570" /><!-- duration: 0ms -->
    <step title="Deleting shutdown sentinel file" date="2025-10-15T21:40:44.588" SemaphoreCount="8" /><!-- duration: 0ms -->
    <step title="Starting FetchDeploy" date="2025-10-15T21:40:44.601" /><!-- duration: 0ms -->
    <step title="Start deployment in the background" date="2025-10-15T21:40:44.601" /><!-- duration: 250ms -->
  </step><!-- duration: 984ms -->
  <step title="Outgoing response" date="2025-10-15T21:40:45.042" type="response" statusCode="202" statusText="Accepted" Server="Microsoft-IIS/10.0" x-ms-request-id="52e11a77-aa0f-11f0-bc9d-8038fb0f4edd" Retry-After="30" Cache-Control="private" X-AspNet-Version="4.0.30319" Location="https://deadlock-demo-app.scm.azurewebsites.net/api/deployments/latest?deployer=ZipDeploy&amp;time=2025-10-15_21-40-44Z" /><!-- duration: 0ms -->
</step><!-- duration: 3995ms -->
