﻿<?xml version="1.0" encoding="utf-8"?>
<deployment>
  <id>e2b22e8fcdf34705979fa41572b2695a</id>
  <author>N/A</author>
  <deployer>ZipDeploy</deployer>
  <authorEmail>N/A</authorEmail>
  <message>Created via a push deployment</message>
  <progress></progress>
  <status>Success</status>
  <statusText></statusText>
  <lastSuccessEndTime>2025-10-16T08:03:36.4279355Z</lastSuccessEndTime>
  <receivedTime>2025-10-16T08:03:31.6038307Z</receivedTime>
  <startTime>2025-10-16T08:03:31.8237168Z</startTime>
  <endTime>2025-10-16T08:03:36.4279355Z</endTime>
  <complete>True</complete>
  <is_temp>False</is_temp>
  <is_readonly>True</is_readonly>
  <project_type>BASIC</project_type>
  <vsproject_id></vsproject_id>
</deployment>